freq,a1_f2,a2_f2,a3_f2,a4_f2,a5_f2,a6_f2,a1_f4,a2_f4,a3_f4,a4_f4,a5_f4,a6_f4
0.1,0.035900794,0.009532609,247.05695,0.002364151,350.47543,57.371662,2.0762664e-05,0.1,200.09616,6.208415e-21,350.00073,500.0
0.1096478196143185,0.040887676,0.009627298,243.6984,0.0028151383,350.74136,62.53253,3.3043383e-05,0.1,200.07382,3.4735847e-20,350.0009,500.0
0.1148153621496883,0.043775134,0.00965704,242.22397,0.0030756318,350.9237,66.22531,4.1722793e-05,0.1,200.06511,8.266527e-20,350.00098,500.0
0.1288249551693134,0.05157481,0.009819612,241.37482,0.0038151778,351.58304,77.406,7.324956e-05,0.1,200.05528,7.8140046e-19,350.0014,499.99994
0.1318256738556407,0.05323714,0.009865257,241.56459,0.003979758,351.76065,79.9447,8.175138e-05,0.1,200.05458,1.2370304e-18,350.00153,499.99994
0.1380384264602885,0.056678474,0.009966268,242.19164,0.004327825,352.17557,85.34252,0.00010163762,0.1,200.05392,3.1210654e-18,350.0018,499.9998
0.1513561248436208,0.06407667,0.010199264,244.21117,0.005108348,353.31036,97.53627,0.00015623287,0.1,200.05482,2.0252152e-17,350.0027,499.99887
0.1548816618912481,0.06604339,0.010262701,244.84209,0.0053230072,353.6743,100.903915,0.00017381676,0.1,200.05539,3.241301e-17,350.00296,499.9983
0.1778279410038923,0.0789468,0.010676491,249.41983,0.006803893,356.83505,124.16915,0.0003282283,0.1,200.06088,5.519681e-16,350.00558,499.9801
0.2187761623949553,0.1009432,0.011572629,259.71667,0.009904607,366.11462,168.45538,0.0008728377,0.09999999,200.0795,4.0654386e-14,350.01508,499.3569
0.223872113856834,0.103251524,0.011738748,261.51447,0.010356069,367.40466,173.61621,0.0009803753,0.09999999,200.084,6.622184e-14,350.0169,499.08472
0.2290867652767773,0.10551949,0.011918668,263.4644,0.010833766,368.73395,178.78511,0.001102273,0.09999999,200.08922,1.08081966e-13,350.019,498.70657
0.2344228815319922,0.10774969,0.012111656,265.56308,0.011338863,370.10257,183.96118,0.0012404026,0.09999999,200.09521,1.7671827e-13,350.0214,498.1843
0.251188643150958,0.11423093,0.012762757,272.72067,0.013031058,374.4491,199.52066,0.0017745829,0.099999964,200.11867,7.792492e-13,350.0307,495.15613
0.2570395782768864,0.11632478,0.013001971,275.3832,0.013658726,375.98087,204.71251,0.002001508,0.09999994,200.12863,1.280867e-12,350.03467,493.35712
0.2754228703338166,0.1224018,0.013778681,284.14774,0.015754849,380.84155,220.27263,0.0028763535,0.09999986,200.1669,5.7167157e-12,350.05017,483.42636
0.3019951720402016,0.12916742,0.014918245,297.04858,0.018957894,386.93726,240.18187,0.0045360373,0.09999955,200.24431,3.767366e-11,350.08017,452.71194
0.3311311214825911,0.13298,0.016104093,309.74982,0.022248615,390.11584,257.93616,0.006523998,0.099998906,200.36021,1.724465e-10,350.11713,404.29504
0.3630780547701014,0.1352481,0.017335324,322.27872,0.025782693,391.73492,274.69385,0.008962072,0.09999766,200.53004,6.5920785e-10,350.16333,341.12137
0.3981071705534972,0.13658923,0.01862952,334.7682,0.029721774,392.67087,290.8528,0.012051165,0.09999531,200.781,2.3293603e-09,350.2228,269.92972
0.4168693834703354,0.13697086,0.019305713,340.99246,0.03188562,393.02118,298.72632,0.013911608,0.099993385,200.9496,4.3151442e-09,350.259,234.69307
0.436515832240166,0.13715929,0.020004857,347.18488,0.034200355,393.3334,306.45084,0.016025415,0.099990726,201.15642,7.9484455e-09,350.30035,201.58932
0.4570881896148751,0.13714175,0.020730617,353.3266,0.03668227,393.62592,314.0105,0.018427819,0.09998701,201.41103,1.4582945e-08,350.34753,171.72086
0.5011872336272724,0.13640215,0.022284552,365.3738,0.042217873,394.19788,328.55832,0.024251943,0.0999745,202.11597,4.869942e-08,350.46216,123.95545
0.5128613839913648,0.1360517,0.022700062,368.32025,0.04373391,394.34766,332.0535,0.02594953,0.0999698,202.34561,6.575083e-08,350.49557,114.58065
0.5248074602497725,0.13566259,0.023121415,371.22095,0.04528812,394.58182,335.34988,0.027739847,0.09996418,202.59953,8.872973e-08,350.53146,106.23401
0.5370317963702527,0.135241,0.02354776,374.0692,0.04687483,394.9275,338.40552,0.029620558,0.09995743,202.87946,1.1968127e-07,350.5701,98.8569
0.5495408738576245,0.1347789,0.023981646,376.8645,0.04849568,395.38174,341.2313,0.031593967,0.099949315,203.18834,1.613553e-07,350.61166,92.360146
0.5623413251903491,0.13426796,0.024426041,379.60635,0.05015246,395.94223,343.83743,0.033662118,0.09993955,203.52954,2.174431e-07,350.6563,86.65642
0.5754399373371569,0.1336996,0.024884496,382.29443,0.051847164,396.6073,346.23306,0.035826743,0.09992777,203.90692,2.9289734e-07,350.70422,81.662544
0.588843655355589,0.13306493,0.025361205,384.92883,0.053581923,397.376,348.42654,0.038089193,0.09991352,204.32492,3.9436281e-07,350.75552,77.30064
0.6025595860743578,0.13235472,0.025861103,387.50977,0.05535906,398.24765,350.4252,0.040450264,0.09989629,204.78865,5.307445e-07,350.81042,73.49889
0.6165950018614822,0.13155961,0.02639012,390.0379,0.057181187,399.22208,352.2356,0.042910263,0.099875405,205.3041,7.139823e-07,350.86902,70.19178
0.6309573444801932,0.13066977,0.026955256,392.51416,0.059051022,400.29935,353.86316,0.0454687,0.09985005,205.87816,9.600607e-07,350.93146,67.320145
0.6456542290346556,0.12967525,0.027564904,394.9398,0.060971603,401.47992,355.3126,0.0481243,0.09981921,206.51895,1.2903881e-06,350.99783,64.830925
0.6606934480075961,0.1285657,0.028229019,397.31653,0.06294617,402.7643,356.5876,0.05087472,0.09978165,207.236,1.7336203e-06,351.06827,62.67679
0.6760829753919819,0.12733065,0.028959617,399.64655,0.064978324,404.15317,357.69092,0.053716496,0.09973584,208.04054,2.3280907e-06,351.14282,60.815727
0.6918309709189364,0.12595941,0.029771065,401.93243,0.06707188,405.6471,358.6243,0.05664477,0.09967988,208.94589,3.1250827e-06,351.2215,59.210575
0.7079457843841379,0.12444121,0.030680615,404.1775,0.06923103,407.2467,359.38867,0.05965308,0.099611424,209.96791,4.1931858e-06,351.30435,57.828552
0.72443596007499,0.12276521,0.031708993,406.38556,0.07146032,408.95227,359.98398,0.062733,0.09952759,211.12558,5.624139e-06,351.3913,56.640835
0.7413102413009175,0.12092053,0.032881144,408.5611,0.07376466,410.76367,360.40912,0.06587401,0.099424794,212.44173,7.540621e-06,351.4823,55.622086
0.7585775750291838,0.11889659,0.034226973,410.7094,0.076149285,412.6805,360.6621,0.06906298,0.099298626,213.94388,1.0106777e-05,351.57718,54.75007
0.7762471166286917,0.116683125,0.035782315,412.83673,0.078619935,414.70145,360.73975,0.07228398,0.09914367,215.66548,1.3542317e-05,351.67578,54.005302
0.7943282347242815,0.11427018,0.037589595,414.95,0.081182696,416.82443,360.63797,0.075517684,0.09895324,217.64722,1.814145e-05,351.7779,53.37073
0.8128305161640993,0.1116487,0.03969858,417.0575,0.083844185,419.04617,360.3516,0.07874106,0.09871917,219.9389,2.4298753e-05,351.8832,52.831425
0.8317637711026711,0.10883183,0.042178687,419.19055,0.08660602,421.38498,359.9182,0.08194917,0.09843314,222.57489,3.257183e-05,351.99426,52.379276
0.8511380382023765,0.105843745,0.045113258,421.393,0.08946648,423.87354,359.39972,0.08514893,0.098087214,225.57332,4.3760985e-05,352.11578,52.007076
0.8709635899560807,0.10267803,0.048570283,423.67752,0.09243101,426.5138,358.79715,0.088313915,0.09767095,228.99054,5.8945894e-05,352.24942,51.700848
0.8912509381337457,0.09932919,0.052609768,426.05743,0.09550524,429.30588,358.11057,0.091411866,0.097173,232.8937,7.96319e-05,352.39703,51.449093
0.9120108393559097,0.09579304,0.05726713,428.54703,0.09869482,432.24835,357.33997,0.0944045,0.09658157,237.36264,0.000107933454,352.56085,51.242416
0.933254300796991,0.09206705,0.06252807,431.16092,0.10200532,435.33746,356.4854,0.09724664,0.09588504,242.49217,0.00014684237,352.7437,51.073147
1.0,0.08035147,0.079044096,439.46582,0.11250255,445.4274,353.49432,0.10494,0.09309256,261.63272,0.00037148912,353.42523,50.72613
1.023292992280754,0.077023,0.08265909,441.89246,0.11591627,449.03583,352.47397,0.10791771,0.091937944,267.5749,0.00049315766,353.68176,50.642227
1.0471285480508996,0.07404297,0.08539452,444.11136,0.1192533,452.72885,351.4654,0.11123352,0.090669565,272.89053,0.0006450093,353.95035,50.568966
1.0715193052376064,0.07135807,0.08748456,446.15753,0.122528315,456.48434,350.46228,0.114882834,0.08928292,277.5788,0.0008330311,354.23206,50.504898
1.096478196143185,0.068920664,0.08910183,448.05988,0.1257558,460.28284,349.45505,0.11886086,0.08777388,281.66937,0.0010644471,354.52835,50.44883
1.1220184543019636,0.066698305,0.090365574,449.83563,0.12893783,464.09192,348.436,0.12314959,0.086145006,285.19537,0.0013468644,354.83978,50.39992
1.1481536214968828,0.06466034,0.09136415,451.4989,0.1320763,467.87976,347.39606,0.12772648,0.08440146,288.2085,0.001688816,355.1669,50.357395
1.2022644346174132,0.061032437,0.09280687,454.5276,0.13822612,475.26465,345.21698,0.13763766,0.08060343,292.94614,0.0025897645,355.86954,50.288654
1.2302687708123818,0.05937999,0.09334002,455.91876,0.14126045,478.82718,344.04843,0.14294158,0.0785581,294.81464,0.0031746025,356.24826,50.26098
1.2589254117941675,0.05780648,0.0937879,457.24564,0.14428106,482.26752,342.80005,0.14846629,0.07642217,296.43597,0.0038709228,356.64807,50.236965
1.348962882591654,0.053282868,0.09479754,460.86804,0.1533746,491.7857,338.422,0.16622451,0.06954168,300.27277,0.006848409,357.99673,50.18229
1.3803842646028852,0.051757112,0.09506192,461.95486,0.15645112,494.67075,336.693,0.17248246,0.06712088,301.32184,0.008231103,358.50476,50.168682
1.4125375446227548,0.05018409,0.095303506,462.97665,0.15956637,497.4007,334.7936,0.17887387,0.06465496,302.29614,0.009868842,359.04712,50.15694
1.4454397707459272,0.048541766,0.09552783,463.92807,0.16272959,499.96814,332.69745,0.18536986,0.062157035,303.21167,0.011807126,359.6275,50.146885
1.4791083881682072,0.046808492,0.09573939,464.80188,0.16595028,502.36575,330.3739,0.19193436,0.059641432,304.07996,0.014099204,360.25006,50.13836
1.513561248436208,0.0449631,0.095941894,465.5887,0.16923831,504.58618,327.78702,0.1985223,0.05712362,304.9086,0.016807165,360.9197,50.13126
1.5488166189124812,0.042990595,0.096136816,466.26984,0.17259583,506.63138,324.9095,0.20508094,0.054619443,305.69617,0.019998819,361.64117,50.125534
1.5848931924611134,0.040893245,0.09632138,466.80734,0.17599793,508.5208,321.7487,0.21153942,0.052149523,306.4239,0.02372931,362.41577,50.121204
1.6218100973589298,0.038665853,0.096497536,467.1811,0.17943723,510.24237,318.27005,0.21778633,0.049742095,307.089,0.02805351,363.24588,50.11829
1.6595869074375604,0.03629576,0.09666852,467.372,0.18292674,511.79434,314.4138,0.22372095,0.047414657,307.69165,0.033046234,364.1386,50.116837
1.6982436524617444,0.033775527,0.096837245,467.3547,0.18648286,513.17773,310.1105,0.22922629,0.045183823,308.23074,0.038788594,365.103,50.116955
1.7378008287493754,0.031103099,0.097006135,467.0891,0.19010492,514.3581,305.28003,0.23409462,0.04309259,308.6834,0.04529223,366.14203,50.118927
1.7782794100389228,0.028283272,0.097177066,466.5127,0.19375852,515.2374,299.83005,0.2379682,0.04122807,308.98993,0.052377917,367.24384,50.123325
1.8620871366628675,0.022311728,0.097532816,464.1537,0.20128797,516.17163,286.64633,0.24200144,0.038209107,309.18658,0.0681185,369.68997,50.141953
1.9054607179632472,0.019248882,0.0977205,462.16663,0.20525289,516.2912,278.66882,0.24177344,0.037066992,309.10162,0.07666376,371.07483,50.15847
2.0417379446695296,0.010840905,0.09830975,451.19592,0.21896262,516.5214,248.7846,0.23087138,0.0351328,309.36142,0.10411348,376.2609,50.266678
2.1379620895022327,0.0076292492,0.098609135,440.73407,0.23006406,520.0008,230.68634,0.22045945,0.034631196,314.16037,0.121602006,380.51086,50.408184
2.187761623949553,0.006577908,0.09872399,434.87573,0.23596723,522.9042,223.03262,0.21515411,0.03450952,317.94534,0.12955806,382.8139,50.50717
2.23872113856834,0.005768749,0.0988198,428.64435,0.24200597,526.52454,216.2304,0.20982331,0.0344446,322.39597,0.13693404,385.23022,50.62992
2.2908676527677736,0.005142095,0.09889894,422.09656,0.24810478,530.8029,210.2197,0.20450689,0.034415796,327.3341,0.14370255,387.75168,50.780502
2.344228815319923,0.0046554273,0.09896345,415.31116,0.25420055,535.643,204.93405,0.19927293,0.034399595,332.61395,0.14986378,390.36844,50.963406
2.3988329190194912,0.004278375,0.09901494,408.37473,0.26023173,540.9585,200.31294,0.19417162,0.034375902,338.09686,0.15542254,393.06934,51.18327
2.454708915685031,0.0039890166,0.099054694,401.37585,0.26614124,546.6739,196.30135,0.1892367,0.034327757,343.6562,0.16038796,395.84296,51.444805
2.511886431509581,0.0037753442,0.09908231,394.49402,0.27177116,552.6156,192.88116,0.18456227,0.034220573,349.0235,0.16473334,398.64343,51.74857
2.5703957827688635,0.003628035,0.099097654,387.88318,0.27699524,558.6466,190.02826,0.18020216,0.034028564,353.9942,0.16844468,401.42984,52.09321
2.6302679918953813,0.0035359713,0.0991021,381.54938,0.28184775,564.7975,187.67857,0.17609468,0.033757728,358.6081,0.17156869,404.21387,52.482414
2.691534803926915,0.0034916454,0.09909659,375.48856,0.28636345,571.10175,185.77687,0.17218289,0.033413716,362.90527,0.17415355,407.0111,52.920868
2.7542287033381663,0.0034902664,0.09908154,369.6892,0.29057702,577.59656,184.27577,0.16841374,0.033001762,366.92493,0.17624702,409.84073,53.41462
2.8183829312644537,0.0035291396,0.09905704,364.13367,0.2945232,584.323,183.13446,0.16473754,0.032526728,370.7052,0.17789643,412.72592,53.971558
2.9512092266663856,0.003725398,0.09897827,353.66138,0.30175364,598.65674,181.7958,0.15747671,0.031404834,377.69177,0.18004566,418.77747,55.31949
3.019951720402016,0.0038854524,0.09892242,348.6899,0.3051086,606.3711,181.54199,0.15380296,0.030765772,380.96664,0.18063313,422.01376,56.141766
3.0902954325135905,0.0040878067,0.09885504,343.8843,0.30832738,614.4877,181.5154,0.15003791,0.030092737,384.12317,0.18099958,425.44623,57.089012
3.1622776601683795,0.004324914,0.098779365,339.40143,0.31131023,622.8102,181.65303,0.14617786,0.029463187,387.11066,0.18138826,429.0892,58.165848
3.2359365692962827,0.0045965645,0.09869715,335.40173,0.3138878,631.1437,181.95918,0.14228329,0.028944591,389.89447,0.18195751,432.92728,59.368412
3.311311214825911,0.0049026087,0.098609105,331.90323,0.31608868,639.4132,182.39879,0.13836575,0.028537406,392.5208,0.18280813,436.9923,60.71266
3.3884415613920256,0.005240324,0.098516606,328.92175,0.31794316,647.5358,182.93437,0.13444082,0.028243495,395.02087,0.18403462,441.3058,62.212147
3.4673685045253166,0.005611717,0.09841986,326.4335,0.31948742,655.5149,183.54637,0.13050231,0.028056378,397.43146,0.18569636,445.91217,63.891533
3.548133892335755,0.006019649,0.09831878,324.36774,0.32074726,663.4288,184.24612,0.12663223,0.027944058,399.66486,0.18774389,450.77295,65.73371
3.630780547701014,0.0064672627,0.0982134,322.67596,0.32175195,671.3295,185.0346,0.12287462,0.027885286,401.68533,0.19017668,455.87732,67.72676
3.715352290971726,0.006957957,0.09810379,321.3305,0.3225343,679.2432,185.90257,0.119240895,0.027868727,403.50516,0.1930445,461.2483,69.87246
3.981071705534973,0.008709639,0.097751245,318.79996,0.32394153,703.6044,188.94444,0.10945253,0.02787443,407.64557,0.20436358,478.8194,77.02545
4.073802778041128,0.009369928,0.097626254,317.9139,0.32429075,712.4227,190.14597,0.10689686,0.027750453,408.30685,0.20851725,484.65247,79.307205
4.168693834703355,0.010064034,0.09749736,316.81592,0.32463318,721.8388,191.46721,0.104770966,0.027516423,408.49048,0.2127041,490.28894,81.3461
4.265795188015928,0.010791408,0.09736424,315.41888,0.3249871,732.0022,192.92636,0.10309994,0.027152235,408.12637,0.21687123,495.6488,83.025406
4.365158322401661,0.011550449,0.09722657,313.62555,0.32537034,743.067,194.54492,0.10192068,0.026637284,407.12646,0.22094245,500.63525,84.22174
4.466835921509633,0.0123382285,0.09708391,311.32962,0.32579938,755.18304,196.34732,0.10128146,0.025952308,405.3838,0.22481352,505.1371,84.81708
4.570881896148752,0.013152554,0.09693536,308.40878,0.32628837,768.5314,198.3683,0.1012443,0.025078518,402.75604,0.22835864,509.0396,84.70853
4.677351412871981,0.013990075,0.0967797,304.72754,0.32684878,783.2843,200.6488,0.10189084,0.023999924,399.06555,0.23140544,512.2084,83.81927
4.786300923226383,0.0148466015,0.09661518,300.139,0.32748702,799.6034,203.24168,0.10332836,0.022706434,394.0833,0.23373754,514.5022,82.118065
4.897788193684462,0.01571735,0.09643943,294.4887,0.32820135,817.6253,206.21802,0.10570083,0.021196382,387.5113,0.2350905,515.7808,79.63382
5.011872336272722,0.016596083,0.0962491,287.62592,0.32897854,837.41504,209.6697,0.10919992,0.019479547,378.9782,0.23512924,515.8994,76.46466
5.1286138399136485,0.017474752,0.0960395,279.4281,0.3297878,858.9074,213.71693,0.11408227,0.017580604,368.04108,0.23344013,514.7168,72.78215
5.248074602497725,0.018379975,0.09581088,270.49396,0.33049002,880.5996,218.18393,0.12021893,0.015663257,355.23926,0.23037727,512.7498,69.18227
5.370317963702527,0.019320495,0.09557997,262.5345,0.33107755,899.35425,222.20387,0.12605634,0.0140827885,343.6186,0.22827895,512.05383,66.71625
5.495408738576245,0.020262338,0.095349245,255.63159,0.33163375,915.2197,225.65239,0.13130835,0.0127762845,333.45312,0.22718482,512.59186,65.06622
5.62341325190349,0.021207543,0.09511775,249.62244,0.33210906,928.6435,228.56099,0.13596421,0.011686009,324.56857,0.22688073,514.21533,63.98684
5.7543993733715695,0.022158504,0.09488433,244.3693,0.33245733,940.0084,230.95462,0.14002356,0.010766808,316.77725,0.22719394,516.811,63.326214
5.88843655355589,0.023117894,0.09464768,239.75706,0.33263475,949.6373,232.85187,0.14349338,0.00998329,309.89822,0.22798184,520.2923,62.989258
6.025595860743578,0.024088597,0.09440636,235.69002,0.33259934,957.8005,234.26471,0.14638571,0.009307582,303.76678,0.22912557,524.59424,62.91676
6.165950018614822,0.02507383,0.094158694,232.08894,0.33230916,964.7233,235.19905,0.14871565,0.008717623,298.23737,0.23052403,529.6679,63.07328
6.309573444801933,0.026077116,0.09390294,228.8883,0.33172172,970.594,235.65465,0.15049937,0.008195846,293.18414,0.23208971,535.478,63.440052
6.606934480075961,0.028154222,0.09335907,223.48001,0.32947534,979.7824,235.10039,0.15249288,0.0073031755,284.09067,0.23542044,549.21533,64.788666
6.760829753919819,0.0292377,0.093065314,221.18915,0.32771945,983.3434,234.06178,0.15273327,0.006911486,279.87854,0.23704825,557.1136,65.78595
6.918309709189366,0.030358883,0.09275224,219.12924,0.32546988,986.347,232.4871,0.15248695,0.006545428,275.7954,0.23856546,565.6882,67.02313
7.07945784384138,0.03152467,0.092415266,217.27359,0.32266584,988.873,230.34857,0.15176451,0.006198702,271.7837,0.23990741,574.9342,68.529205
7.2443596007499025,0.03273893,0.092050225,215.60184,0.31929156,990.98157,227.67097,0.15060431,0.0058686207,267.81964,0.24101284,584.7964,70.33164
7.413102413009177,0.033980764,0.091661036,214.10251,0.3156553,992.69196,224.85736,0.14924245,0.0055680494,264.02704,0.24185488,594.90704,72.39159
7.585775750291839,0.035246905,0.09124436,212.75868,0.31179112,994.0711,222.0068,0.14775318,0.005296247,260.40247,0.24237289,605.1121,74.70773
7.76247116628692,0.0365389,0.09079406,211.5554,0.30765605,995.1822,219.13608,0.14616592,0.0050497903,256.91617,0.242492,615.3037,77.28597
7.943282347242818,0.037859734,0.090301506,210.47789,0.30319226,996.07776,216.25775,0.14450644,0.004825647,253.53685,0.24212714,625.37366,80.128685
8.128305161640995,0.039213195,0.08975535,209.51309,0.29832962,996.80005,213.38377,0.1427984,0.004621336,250.23552,0.24117926,635.2023,83.23039
8.317637711026709,0.040604014,0.08914056,208.64969,0.29298395,997.3828,210.52605,0.14106445,0.0044348845,246.98523,0.23953295,644.65485,86.57397
8.511380382023763,0.04203797,0.088437036,207.87782,0.28705537,997.8533,207.69696,0.13932659,0.004264763,243.76138,0.2370535,653.577,90.12645
8.709635899560805,0.04352218,0.08761782,207.18887,0.2804262,998.23303,204.90945,0.13760684,0.004109835,240.54158,0.23358501,661.7915,93.83412
8.912509381337454,0.04506528,0.08664627,206.5754,0.27295962,998.5397,202.17737,0.13592748,0.003969339,237.30641,0.22894843,669.0913,97.617325
9.120108393559097,0.046677683,0.08547212,206.03093,0.26450032,998.78705,199.51591,0.13431181,0.0038428777,234.0409,0.2229434,675.2324,101.36458
9.33254300796991,0.048372,0.084025584,205.54988,0.25487444,998.98645,196.94164,0.13278465,0.0037304405,230.73584,0.2153511,679.92285,104.92783
9.549925860214358,0.05016276,0.08220929,205.12749,0.24389625,999.14685,194.4727,0.13137257,0.0036324493,227.39107,0.20594604,682.80835,108.11813
10.0,0.054102194,0.076864295,204.44334,0.21713783,999.37775,189.93228,0.12901053,0.003484153,220.64449,0.18087243,681.3186,112.4193
10.232929922807546,0.056287613,0.07287937,204.1757,0.20104362,999.45856,187.90479,0.12812416,0.003437801,217.31525,0.16493429,675.729,112.96503
10.471285480508996,0.05863955,0.06758519,203.95486,0.1830308,999.52094,186.06888,0.12747853,0.00341427,214.09529,0.14674665,665.85046,112.04162
10.71519305237607,0.061129067,0.060640097,203.78432,0.16320351,999.56744,184.37976,0.12709746,0.0034195543,211.06894,0.12673019,650.7887,109.36676
10.964781961431852,0.06275391,0.053287018,203.76608,0.14301208,999.59656,181.18857,0.12668155,0.0034707536,208.43672,0.10855022,631.83875,104.30141
11.481536214968829,0.061927173,0.043290492,204.14775,0.11119799,999.6331,168.78918,0.12447464,0.003656076,205.03598,0.08638602,599.24036,92.89278
11.748975549395292,0.059989776,0.040430587,204.51224,0.0989045,999.646,160.69809,0.12279369,0.003780288,203.96225,0.07987217,585.9773,87.54201
12.02264434617413,0.057380833,0.03860065,204.99284,0.088350154,999.6565,151.97707,0.12083276,0.003924181,203.14758,0.07516122,574.2377,82.61687
12.30268770812381,0.054318476,0.037568714,205.59747,0.079196155,999.6651,142.99754,0.11865385,0.0040873005,202.5207,0.07172694,563.73474,78.17579
12.882495516931336,0.0477106,0.03692279,207.09726,0.06450335,999.6826,125.21985,0.11317883,0.004364656,201.65967,0.067068316,546.55273,71.2557
13.182567385564074,0.04458808,0.03673062,207.83133,0.058920316,999.6956,116.685036,0.10929736,0.0043563703,201.37206,0.06510436,540.55194,69.077576
14.12537544622754,0.036227897,0.036151256,209.75308,0.04665733,999.74567,94.34502,0.0948592,0.0038589432,200.82217,0.059782214,529.9932,65.49956
14.45439770745928,0.033770565,0.035923876,210.28119,0.04358556,999.76373,88.2208,0.089613505,0.003597697,200.70374,0.05811336,528.263,64.9198
14.791083881682072,0.03146809,0.0356727,210.74994,0.040864874,999.7818,82.77686,0.08433864,0.0033161547,200.60588,0.056475736,527.18176,64.53938
15.488166189124811,0.02729632,0.03509881,211.51501,0.03624025,999.81635,73.80327,0.07400153,0.0027399391,200.45558,0.053275816,526.5651,64.236755
15.848931924611142,0.025410933,0.03477888,211.81697,0.034249056,999.83246,70.1796,0.069047235,0.002462431,200.3974,0.051710397,526.87427,64.26731
16.218100973589298,0.02364873,0.03443989,212.07014,0.03242849,999.8476,67.05892,0.06428479,0.002199498,200.34776,0.05016844,527.5145,64.39769
16.595869074375614,0.022002263,0.034084387,212.27869,0.030754013,999.8618,64.38545,0.059737246,0.0019543672,200.30518,0.04865114,528.43854,64.61701
16.98243652461744,0.020464359,0.033715002,212.4468,0.029205773,999.8749,62.105278,0.05541907,0.0017287995,200.26845,0.047160015,529.6068,64.91713
17.378008287493763,0.019028265,0.03333422,212.57863,0.027767604,999.88696,60.1679,0.051337946,0.0015234365,200.23665,0.045696706,530.9866,65.292114
17.78279410038923,0.017687729,0.032944452,212.67818,0.026426217,999.89813,58.527122,0.04749635,0.0013381097,200.209,0.044262767,532.5506,65.73772
18.197008586099845,0.01643675,0.032547906,212.74918,0.02517068,999.90826,57.14137,0.04389255,0.0011720815,200.18488,0.04285962,534.2755,66.2509
19.054607179632484,0.014181589,0.03174214,212.81903,0.022881996,999.92584,54.991947,0.03737683,0.00089327147,200.14523,0.0401503,538.1341,67.47314
19.952623149688808,0.012222042,0.030930186,212.81207,0.020844398,999.9403,53.476994,0.031728707,0.0006761724,200.1146,0.037575644,542.4403,68.95239
20.417379446695296,0.011341679,0.030525118,212.78598,0.019906359,999.94653,52.89872,0.029205142,0.00058716646,200.10191,0.03633996,544.73315,69.789116
21.379620895022324,0.009759305,0.029721815,212.69852,0.018171154,999.9571,52.011246,0.024705019,0.00044148578,200.08078,0.033972614,549.556,71.662384
21.87761623949552,0.009049787,0.029325131,212.64046,0.017367285,999.9617,51.674095,0.022706665,0.00038238554,200.07199,0.03284076,552.07336,72.70244
22.3872113856834,0.008390075,0.028932625,212.57466,0.016602064,999.9657,51.392887,0.020861832,0.00033100025,200.06418,0.031743094,554.65454,73.814445
22.908676527677724,0.0077769267,0.028544832,212.50229,0.015873034,999.9693,51.158493,0.019160237,0.00028638108,200.05724,0.03067921,557.2953,75.001
23.442288153199225,0.0072073126,0.02816221,212.42441,0.015177971,999.9726,50.96323,0.017591974,0.00024767785,200.05107,0.029648691,559.9925,76.265205
23.9883291901949,0.0066783763,0.027785165,212.3418,0.014514862,999.97546,50.800648,0.016147612,0.00021413717,200.04558,0.028651012,562.7444,77.61067
24.547089156850312,0.006187431,0.027414097,212.25526,0.013881904,999.9781,50.665337,0.014818211,0.00018509272,200.0407,0.027685571,565.5487,79.04111
25.118864315095795,0.0057319477,0.027049342,212.16547,0.01327742,999.9804,50.552765,0.013595287,0.00015995778,200.03633,0.026751807,568.40466,80.56098
25.703957827688647,0.005313134,0.026688179,212.06358,0.012698033,999.98254,50.459263,0.012473841,0.0001383385,200.03244,0.025849951,571.3695,82.21396
28.183829312644548,0.0039780578,0.025254754,211.44904,0.010591664,999.98914,50.219666,0.008871248,7.880496e-05,200.02055,0.02255572,585.02374,90.94449
28.84031503126606,0.0037129011,0.024904048,211.25345,0.01011488,999.9904,50.182846,0.008153839,6.87609e-05,200.01831,0.021806257,588.87787,93.753784
29.51209226666387,0.003469914,0.02455855,211.04494,0.0096568605,999.99146,50.152252,0.007497056,6.009707e-05,200.01631,0.021084871,592.90704,96.86034
30.19951720402016,0.0032469959,0.024219474,210.82529,0.009217026,999.9925,50.126827,0.0068955664,5.261111e-05,200.01453,0.020390902,597.11224,100.29206
30.90295432513592,0.003042266,0.023888178,210.59627,0.008794811,999.9934,50.105686,0.0063445307,4.613206e-05,200.01294,0.019723687,601.49506,104.07938
32.35936569296285,0.0026809692,0.023255013,210.11684,0.008000998,999.9949,50.073467,0.0053766384,3.563943e-05,200.01024,0.018467357,610.80524,112.858025
33.11311214825911,0.002521625,0.022956792,209.86964,0.007628282,999.9955,50.06129,0.004952165,3.1399937e-05,200.00911,0.017877324,615.7414,117.92596
33.884415613920275,0.00237489,0.022673573,209.61946,0.007270962,999.99603,50.05115,0.0045628366,2.7708786e-05,200.0081,0.01731217,620.8722,123.50252
34.673685045253166,0.002239729,0.022407958,209.36777,0.0069284877,999.9966,50.04271,0.0042056455,2.4490973e-05,200.00719,0.016771644,626.20593,129.63483
35.48133892335757,0.0021152478,0.022162816,209.11592,0.006600328,999.99695,50.035675,0.0038778707,2.168238e-05,200.0064,0.01625557,631.7517,136.37245
36.30780547701014,0.0020006339,0.02194087,208.86525,0.006285953,999.9974,50.02981,0.0035770435,1.9228177e-05,200.00568,0.015763855,637.52136,143.76843
37.15352290971724,0.0018951792,0.02174485,208.61694,0.005984828,999.99774,50.02493,0.0033008996,1.7081235e-05,200.00504,0.015296433,643.5282,151.87755
38.904514499428046,0.0017093763,0.021447701,208.13239,0.0054203174,999.9983,50.017456,0.0028146827,1.3554418e-05,200.00397,0.014435372,656.3209,170.46707
40.73802778041126,0.0015538497,0.02131336,207.67155,0.0049027367,999.99866,50.012257,0.0024048798,1.0843487e-05,200.00311,0.013675477,670.29895,192.61285
41.68693834703355,0.0014865288,0.02132483,207.45287,0.0046603023,999.99884,50.01028,0.0022248318,9.732065e-06,200.00276,0.013335268,677.80164,205.16022
42.65795188015925,0.0014258343,0.021401035,207.24353,0.004428126,999.99896,50.008633,0.0020595999,8.75707e-06,200.00244,0.013023047,685.6926,218.75478
43.65158322401661,0.0013716102,0.021553576,207.04465,0.0042057335,999.99915,50.007256,0.0019080137,7.90213e-06,200.00217,0.012740274,694.0121,233.42863
44.6683592150963,0.0013237905,0.021796668,206.85742,0.0039926553,999.9992,50.006107,0.0017690116,7.153202e-06,200.00192,0.012488859,702.8063,249.19673
46.77351412871981,0.0012476065,0.022628842,206.52298,0.0035925652,999.99945,50.00434,0.0015249891,5.9268987e-06,200.0015,0.012090298,722.03033,283.9331
47.86300923226385,0.0012196744,0.023266776,206.37845,0.0034046248,999.9995,50.00367,0.0014183128,5.4305056e-06,200.00133,0.01194994,732.57996,302.75946
48.97788193684461,0.001199085,0.024095746,206.25104,0.0032241356,999.99963,50.00311,0.0013208926,5.0017597e-06,200.00117,0.011854931,743.84216,322.37454
50.118723362727245,0.0011865278,0.025158823,206.14238,0.0030506293,999.99963,50.00264,0.0012321053,4.6347864e-06,200.00104,0.011811309,755.88513,342.55804
51.28613839913648,0.0011830273,0.026510576,206.05426,0.0028836268,999.9997,50.002247,0.0011514011,4.325048e-06,200.00092,0.0118268775,768.77856,363.01587
52.480746024977286,0.0011900445,0.028219853,205.98856,0.002722637,999.99976,50.001923,0.0010783137,4.06945e-06,200.0008,0.011911664,782.58453,383.37683
53.70317963702527,0.0012096709,0.030373005,205.9472,0.0025671406,999.99976,50.001648,0.0010124609,3.866516e-06,200.0007,0.012078761,797.3545,403.20496
54.954087385762485,0.0012449624,0.03307612,205.932,0.002416585,999.9998,50.00142,0.0009535539,3.7167918e-06,200.00063,0.012345522,813.11774,422.02158
56.23413251903491,0.0013004293,0.03645482,205.94426,0.0022703668,999.9998,50.001232,0.00090142275,3.62357e-06,200.00055,0.012735215,829.8689,439.34238
57.54399373371572,0.0013809173,0.040588345,205.98119,0.0021282083,999.9998,50.001072,0.00085572776,3.5891376e-06,200.00047,0.013267387,847.3916,454.61157
58.8843655355589,0.0014736562,0.04498763,206.0144,0.0019933633,999.99994,50.00094,0.0008134711,3.5733967e-06,200.00041,0.013852688,864.06647,466.66602
60.25595860743581,0.0015754696,0.04945699,206.03603,0.0018663197,999.99994,50.00082,0.00077377824,3.5656897e-06,200.00037,0.014466191,879.47296,475.79233
61.65950018614822,0.0016876176,0.053924482,206.04498,0.0017466268,999.99994,50.000717,0.0007365127,3.5665912e-06,200.00032,0.0151095055,893.60406,482.58875
64.56542290346556,0.0019478182,0.062570125,206.01765,0.0015277592,999.99994,50.00055,0.0006686779,3.5967096e-06,200.00024,0.016489258,918.1213,491.20865
66.06934480075958,0.0020937293,0.06661991,205.96631,0.0014283468,999.99994,50.00048,0.0006375341,3.626318e-06,200.00021,0.017213771,928.5779,493.81235
67.60829753919819,0.002250264,0.07042154,205.8854,0.0013351756,1000.0,50.000423,0.00060805416,3.6666595e-06,200.00018,0.017957801,937.9178,495.669
69.18309709189363,0.0024190503,0.07394269,205.77551,0.0012477867,1000.0,50.000374,0.0005802014,3.7191064e-06,200.00015,0.018722393,946.22064,496.98526
70.79457843841381,0.0026020813,0.077164076,205.63756,0.0011657724,1000.0,50.000328,0.00055393926,3.785292e-06,200.00014,0.019508876,953.5689,497.9133
72.44359600749898,0.0028017443,0.080078594,205.47275,0.0010887488,1000.0,50.00029,0.0005292268,3.8671205e-06,200.00012,0.020318674,960.046,498.56424
74.13102413009177,0.0030209662,0.08268926,205.28262,0.0010163727,1000.0,50.000256,0.0005060244,3.9669258e-06,200.0001,0.021153508,965.7332,499.0183
75.85775750291836,0.0032632218,0.085007176,205.06906,0.00094833266,1000.0,50.00023,0.00048429274,4.0874656e-06,200.00009,0.022015186,970.7083,499.33328
77.62471166286919,0.0035265419,0.087054156,204.84431,0.00088467903,1000.0,50.000202,0.000463701,4.22249e-06,200.00008,0.022903834,975.0205,499.54898
79.43282347242814,0.0038052932,0.08885508,204.62262,0.00082551996,1000.0,50.00018,0.0004438687,4.361338e-06,200.00006,0.023818795,978.7204,499.69482
81.28305161640995,0.004100279,0.090429924,204.40489,0.00077052723,1000.0,50.00016,0.00042478714,4.5041206e-06,200.00006,0.024761733,981.88885,499.79346
83.17637711026708,0.0044124806,0.0918,204.19188,0.00071938685,1000.0,50.00014,0.00040644393,4.6509426e-06,200.00005,0.025734656,984.5984,499.8602
85.11380382023768,0.004743003,0.09298646,203.98422,0.00067182054,1000.0,50.000126,0.00038883038,4.8019824e-06,200.00005,0.026739864,986.9124,499.90533
87.09635899560806,0.0050930786,0.09400996,203.78244,0.00062756933,1000.0,50.000114,0.00037193322,4.9573882e-06,200.00003,0.027779952,988.8864,499.93588
89.12509381337459,0.0054641087,0.094889924,203.58691,0.00058639643,1000.0,50.000103,0.0003557397,5.117286e-06,200.00003,0.02885796,990.5687,499.9566
95.49925860214358,0.0067205233,0.0968405,203.04083,0.00047924786,1000.0,50.000072,0.00031123694,5.6256326e-06,200.00002,0.032357983,994.25714,499.98654
100.0,0.007700565,0.09770941,202.71198,0.00041964612,1000.0,50.000057,0.00028482417,5.9899808e-06,200.00002,0.03496428,995.88696,499.99384
