region_id,region_name,region_level,station_count
1,INTERIOR PLAINS-GREAT PLAINS-RATON - Undifferentiated Tertiary and Mesozoic rocks,2,6
2,INTERMONTANE PLATEAUS-BASIN AND RANGE-GREAT BASIN - CAs,1,6
3,INTERMONTANE PLATEAUS-BASIN AND RANGE-GREAT BASIN - MZPZu,1,6
4,INTERMONTANE PLATEAUS-BASIN AND RANGE-GREAT BASIN - MZgr,1,20
5,INTERMONTANE PLATEAUS-BASIN AND RANGE-GREAT BASIN - PZms,1,15
6,INTERMONTANE PLATEAUS-BASIN AND RANGE-GREAT BASIN - QTs,1,6
7,INTERMONTANE PLATEAUS-BASIN AND RANGE-GREAT BASIN - Qa,1,168
8,INTERMONTANE PLATEAUS-BASIN AND RANGE-GREAT BASIN - Ql,1,11
9,INTERMONTANE PLATEAUS-BASIN AND RANGE-GREAT BASIN - Qp,1,5
10,INTERMONTANE PLATEAUS-BASIN AND RANGE-GREAT BASIN - Qv,1,12
11,INTERMONTANE PLATEAUS-BASIN AND RANGE-GREAT BASIN - Tertiary rocks,2,9
12,INTERMONTANE PLATEAUS-BASIN AND RANGE-GREAT BASIN - Ti,1,7
13,INTERMONTANE PLATEAUS-BASIN AND RANGE-GREAT BASIN - Tva,1,13
14,INTERMONTANE PLATEAUS-BASIN AND RANGE-GREAT BASIN - Tvi,1,19
15,INTERMONTANE PLATEAUS-BASIN AND RANGE-GREAT BASIN - Tvr,1,14
16,INTERMONTANE PLATEAUS-BASIN AND RANGE-GREAT BASIN - Undifferentiated Paleozoic rocks,2,7
17,INTERMONTANE PLATEAUS-BASIN AND RANGE-GREAT BASIN - UnknownLargeGroup,2,6
18,INTERMONTANE PLATEAUS-BASIN AND RANGE-GREAT BASIN - mTs,1,6
19,INTERMONTANE PLATEAUS-BASIN AND RANGE-SALTON TROUGH - Qa,1,106
20,INTERMONTANE PLATEAUS-BASIN AND RANGE-SALTON TROUGH - Qao,1,12
21,INTERMONTANE PLATEAUS-BASIN AND RANGE-SALTON TROUGH - Qs,1,7
22,INTERMONTANE PLATEAUS-BASIN AND RANGE-SONORAN DESERT - MZgr,1,14
23,INTERMONTANE PLATEAUS-BASIN AND RANGE-SONORAN DESERT - QTs,1,5
24,INTERMONTANE PLATEAUS-BASIN AND RANGE-SONORAN DESERT - Qa,1,68
25,INTERMONTANE PLATEAUS-BASIN AND RANGE-SONORAN DESERT - Qao,1,17
26,INTERMONTANE PLATEAUS-BASIN AND RANGE-SONORAN DESERT - Tertiary rocks,2,5
27,INTERMONTANE PLATEAUS-BASIN AND RANGE-SONORAN DESERT - Ts,1,5
28,INTERMONTANE PLATEAUS-COLORADO PLATEAUS-CANYON LANDS - Mesozoic rocks,2,5
29,INTERMONTANE PLATEAUS-COLUMBIA PLATEAU-PAYETTE - Tertiary rocks,2,8
30,INTERMONTANE PLATEAUS-COLUMBIA PLATEAU-PAYETTE - Tvr,1,11
31,"INTERMONTANE PLATEAUS-COLUMBIA PLATEAU-WALLA WALLA PLATEAU - Quaternary units, undifferentiated",2,8
32,INTERMONTANE PLATEAUS-COLUMBIA PLATEAU-WALLA WALLA PLATEAU - Tvm,1,8
33,INTERMONTANE PLATEAUS-NORTHERN PLATEAUS-UnknownSection - UnknownGeoUnit,1,5
34,Other - Igneous and metamorphic rocks of unspecified age,3,6
35,Other - Mesozoic rocks,3,44
36,Other - Other materials,3,12
37,Other - Precambrian rocks,3,10
38,Other - Quaternary and Tertiary rocks,3,22
39,"Other - Quaternary units, undifferentiated",3,43
40,Other - Tertiary rocks,3,39
41,Other - Undifferentiated Mesozoic and Paleozoic rocks,3,13
42,Other - Undifferentiated Paleozoic rocks,3,13
43,Other - Undifferentiated Paleozoic to Precambrian rocks,3,3
44,Other - Undifferentiated Precambrian rocks,3,4
45,Other - Undifferentiated Tertiary and Mesozoic rocks,3,6
46,Other - UnknownLargeGroup,3,40
47,PACIFIC MOUNTAIN SYSTEM-CASCADE-SIERRA MOUNTAINS-MIDDLE CASCADE MOUNTAINS - Qv,1,7
48,PACIFIC MOUNTAIN SYSTEM-CASCADE-SIERRA MOUNTAINS-MIDDLE CASCADE MOUNTAINS - Tvm,1,5
49,PACIFIC MOUNTAIN SYSTEM-CASCADE-SIERRA MOUNTAINS-MIDDLE CASCADE MOUNTAINS - Tvs,1,7
50,PACIFIC MOUNTAIN SYSTEM-CASCADE-SIERRA MOUNTAINS-SIERRA NEVADA - Js,1,5
51,PACIFIC MOUNTAIN SYSTEM-CASCADE-SIERRA MOUNTAINS-SIERRA NEVADA - MZgr,1,69
52,PACIFIC MOUNTAIN SYSTEM-CASCADE-SIERRA MOUNTAINS-SIERRA NEVADA - MZm,1,14
53,PACIFIC MOUNTAIN SYSTEM-CASCADE-SIERRA MOUNTAINS-SIERRA NEVADA - PZms,1,16
54,PACIFIC MOUNTAIN SYSTEM-CASCADE-SIERRA MOUNTAINS-SIERRA NEVADA - PZpCm,1,5
55,PACIFIC MOUNTAIN SYSTEM-CASCADE-SIERRA MOUNTAINS-SIERRA NEVADA - QTs,1,8
56,PACIFIC MOUNTAIN SYSTEM-CASCADE-SIERRA MOUNTAINS-SIERRA NEVADA - Qa,1,40
57,PACIFIC MOUNTAIN SYSTEM-CASCADE-SIERRA MOUNTAINS-SIERRA NEVADA - Qg,1,20
58,PACIFIC MOUNTAIN SYSTEM-CASCADE-SIERRA MOUNTAINS-SIERRA NEVADA - Qv,1,24
59,PACIFIC MOUNTAIN SYSTEM-CASCADE-SIERRA MOUNTAINS-SIERRA NEVADA - Tertiary rocks,2,6
60,PACIFIC MOUNTAIN SYSTEM-CASCADE-SIERRA MOUNTAINS-SIERRA NEVADA - Tvi,1,28
61,"PACIFIC MOUNTAIN SYSTEM-CASCADE-SIERRA MOUNTAINS-SOUTHERN CASCADE MOUNTAINS - Quaternary units, undifferentiated",2,5
62,PACIFIC MOUNTAIN SYSTEM-CASCADE-SIERRA MOUNTAINS-SOUTHERN CASCADE MOUNTAINS - Qv,1,14
63,PACIFIC MOUNTAIN SYSTEM-CASCADE-SIERRA MOUNTAINS-SOUTHERN CASCADE MOUNTAINS - Tertiary rocks,2,5
64,PACIFIC MOUNTAIN SYSTEM-CASCADE-SIERRA MOUNTAINS-SOUTHERN CASCADE MOUNTAINS - Tvi,1,10
65,PACIFIC MOUNTAIN SYSTEM-COASTAL TROUGH-UnknownSection - UnknownGeoUnit,1,5
66,PACIFIC MOUNTAIN SYSTEM-LOWER CALIFORNIAN-UnknownSection - MZgr,1,37
67,PACIFIC MOUNTAIN SYSTEM-LOWER CALIFORNIAN-UnknownSection - MZm,1,5
68,PACIFIC MOUNTAIN SYSTEM-LOWER CALIFORNIAN-UnknownSection - Qa,1,11
69,PACIFIC MOUNTAIN SYSTEM-LOWER CALIFORNIAN-UnknownSection - Qao,1,9
70,PACIFIC MOUNTAIN SYSTEM-LOWER CALIFORNIAN-UnknownSection - Tertiary rocks,2,5
71,PACIFIC MOUNTAIN SYSTEM-LOWER CALIFORNIAN-UnknownSection - TpCim,1,5
72,PACIFIC MOUNTAIN SYSTEM-LOWER CALIFORNIAN-UnknownSection - eTs,1,12
73,PACIFIC MOUNTAIN SYSTEM-PACIFIC BOADER RANGES-UnknownSection - UnknownGeoUnit,1,6
74,PACIFIC MOUNTAIN SYSTEM-PACIFIC BORDER-CALIFORNIA COAST RANGES - Ks,1,21
75,PACIFIC MOUNTAIN SYSTEM-PACIFIC BORDER-CALIFORNIA COAST RANGES - Kse,1,6
76,PACIFIC MOUNTAIN SYSTEM-PACIFIC BORDER-CALIFORNIA COAST RANGES - Ksl,1,19
77,PACIFIC MOUNTAIN SYSTEM-PACIFIC BORDER-CALIFORNIA COAST RANGES - MZgr,1,25
78,PACIFIC MOUNTAIN SYSTEM-PACIFIC BORDER-CALIFORNIA COAST RANGES - MZm,1,32
79,PACIFIC MOUNTAIN SYSTEM-PACIFIC BORDER-CALIFORNIA COAST RANGES - MZms,1,55
80,PACIFIC MOUNTAIN SYSTEM-PACIFIC BORDER-CALIFORNIA COAST RANGES - MZum,1,17
81,PACIFIC MOUNTAIN SYSTEM-PACIFIC BORDER-CALIFORNIA COAST RANGES - QTs,1,98
82,PACIFIC MOUNTAIN SYSTEM-PACIFIC BORDER-CALIFORNIA COAST RANGES - Qa,1,272
83,PACIFIC MOUNTAIN SYSTEM-PACIFIC BORDER-CALIFORNIA COAST RANGES - Qao,1,106
84,PACIFIC MOUNTAIN SYSTEM-PACIFIC BORDER-CALIFORNIA COAST RANGES - Qs,1,21
85,PACIFIC MOUNTAIN SYSTEM-PACIFIC BORDER-CALIFORNIA COAST RANGES - Ti,1,5
86,PACIFIC MOUNTAIN SYSTEM-PACIFIC BORDER-CALIFORNIA COAST RANGES - Tvi,1,8
87,PACIFIC MOUNTAIN SYSTEM-PACIFIC BORDER-CALIFORNIA COAST RANGES - UnknownLargeGroup,2,5
88,PACIFIC MOUNTAIN SYSTEM-PACIFIC BORDER-CALIFORNIA COAST RANGES - eTs,1,16
89,PACIFIC MOUNTAIN SYSTEM-PACIFIC BORDER-CALIFORNIA COAST RANGES - mTs,1,107
90,PACIFIC MOUNTAIN SYSTEM-PACIFIC BORDER-CALIFORNIA COAST RANGES - oTs,1,7
91,PACIFIC MOUNTAIN SYSTEM-PACIFIC BORDER-CALIFORNIA COAST RANGES - paTs,1,7
92,PACIFIC MOUNTAIN SYSTEM-PACIFIC BORDER-CALIFORNIA COAST RANGES - plTs,1,47
93,PACIFIC MOUNTAIN SYSTEM-PACIFIC BORDER-CALIFORNIA COAST RANGES N - Kse,1,5
94,PACIFIC MOUNTAIN SYSTEM-PACIFIC BORDER-CALIFORNIA COAST RANGES N - Ksl,1,13
95,PACIFIC MOUNTAIN SYSTEM-PACIFIC BORDER-CALIFORNIA COAST RANGES N - MZm,1,27
96,PACIFIC MOUNTAIN SYSTEM-PACIFIC BORDER-CALIFORNIA COAST RANGES N - MZms,1,47
97,PACIFIC MOUNTAIN SYSTEM-PACIFIC BORDER-CALIFORNIA COAST RANGES N - MZum,1,10
98,PACIFIC MOUNTAIN SYSTEM-PACIFIC BORDER-CALIFORNIA COAST RANGES N - QTs,1,13
99,PACIFIC MOUNTAIN SYSTEM-PACIFIC BORDER-CALIFORNIA COAST RANGES N - Qa,1,49
100,PACIFIC MOUNTAIN SYSTEM-PACIFIC BORDER-CALIFORNIA COAST RANGES N - Qao,1,25
101,"PACIFIC MOUNTAIN SYSTEM-PACIFIC BORDER-CALIFORNIA COAST RANGES N - Quaternary units, undifferentiated",2,7
102,PACIFIC MOUNTAIN SYSTEM-PACIFIC BORDER-CALIFORNIA COAST RANGES N - TMZs,1,40
103,PACIFIC MOUNTAIN SYSTEM-PACIFIC BORDER-CALIFORNIA COAST RANGES N - Tertiary rocks,2,8
104,PACIFIC MOUNTAIN SYSTEM-PACIFIC BORDER-CALIFORNIA COAST RANGES N - Tvi,1,16
105,PACIFIC MOUNTAIN SYSTEM-PACIFIC BORDER-CALIFORNIA COAST RANGES N - plTs,1,11
106,PACIFIC MOUNTAIN SYSTEM-PACIFIC BORDER-CALIFORNIA TROUGH - MZgr,1,6
107,PACIFIC MOUNTAIN SYSTEM-PACIFIC BORDER-CALIFORNIA TROUGH - MZm,1,11
108,PACIFIC MOUNTAIN SYSTEM-PACIFIC BORDER-CALIFORNIA TROUGH - QTs,1,21
109,PACIFIC MOUNTAIN SYSTEM-PACIFIC BORDER-CALIFORNIA TROUGH - Qa,1,123
110,PACIFIC MOUNTAIN SYSTEM-PACIFIC BORDER-CALIFORNIA TROUGH - Qao,1,13
111,"PACIFIC MOUNTAIN SYSTEM-PACIFIC BORDER-CALIFORNIA TROUGH - Quaternary units, undifferentiated",2,7
112,PACIFIC MOUNTAIN SYSTEM-PACIFIC BORDER-CALIFORNIA TROUGH - Tertiary rocks,2,6
113,PACIFIC MOUNTAIN SYSTEM-PACIFIC BORDER-KLAMATH MOUNTAINS - Js,1,5
114,PACIFIC MOUNTAIN SYSTEM-PACIFIC BORDER-KLAMATH MOUNTAINS - MZms,1,7
115,PACIFIC MOUNTAIN SYSTEM-PACIFIC BORDER-KLAMATH MOUNTAINS - MZum,1,10
116,PACIFIC MOUNTAIN SYSTEM-PACIFIC BORDER-KLAMATH MOUNTAINS - Mesozoic rocks,2,13
117,PACIFIC MOUNTAIN SYSTEM-PACIFIC BORDER-KLAMATH MOUNTAINS - PZms,1,9
118,PACIFIC MOUNTAIN SYSTEM-PACIFIC BORDER-KLAMATH MOUNTAINS - Qa,1,5
119,PACIFIC MOUNTAIN SYSTEM-PACIFIC BORDER-LOS ANGELES RANGES - Js,1,10
120,PACIFIC MOUNTAIN SYSTEM-PACIFIC BORDER-LOS ANGELES RANGES - Ksl,1,7
121,PACIFIC MOUNTAIN SYSTEM-PACIFIC BORDER-LOS ANGELES RANGES - MZgr,1,118
122,PACIFIC MOUNTAIN SYSTEM-PACIFIC BORDER-LOS ANGELES RANGES - Mesozoic rocks,2,5
123,PACIFIC MOUNTAIN SYSTEM-PACIFIC BORDER-LOS ANGELES RANGES - QTs,1,40
124,PACIFIC MOUNTAIN SYSTEM-PACIFIC BORDER-LOS ANGELES RANGES - Qa,1,626
125,PACIFIC MOUNTAIN SYSTEM-PACIFIC BORDER-LOS ANGELES RANGES - Qao,1,452
126,PACIFIC MOUNTAIN SYSTEM-PACIFIC BORDER-LOS ANGELES RANGES - Tertiary rocks,2,11
127,PACIFIC MOUNTAIN SYSTEM-PACIFIC BORDER-LOS ANGELES RANGES - TpCim,1,23
128,PACIFIC MOUNTAIN SYSTEM-PACIFIC BORDER-LOS ANGELES RANGES - Tvi,1,12
129,PACIFIC MOUNTAIN SYSTEM-PACIFIC BORDER-LOS ANGELES RANGES - UnknownLargeGroup,2,5
130,PACIFIC MOUNTAIN SYSTEM-PACIFIC BORDER-LOS ANGELES RANGES - mTs,1,137
131,PACIFIC MOUNTAIN SYSTEM-PACIFIC BORDER-LOS ANGELES RANGES - oTs,1,7
132,PACIFIC MOUNTAIN SYSTEM-PACIFIC BORDER-LOS ANGELES RANGES - pC,1,40
133,PACIFIC MOUNTAIN SYSTEM-PACIFIC BORDER-LOS ANGELES RANGES - plTs,1,19
134,PACIFIC MOUNTAIN SYSTEM-PACIFIC BORDER-LOS ANGELES RANGES - water,1,5
135,PACIFIC MOUNTAIN SYSTEM-PACIFIC BORDER-OREGON COAST RANGE - Tertiary rocks,2,8
136,PACIFIC MOUNTAIN SYSTEM-PACIFIC BORDER-OREGON COAST RANGE - eTs,1,8
137,PACIFIC MOUNTAIN SYSTEM-PACIFIC BORDER-PUGET TROUGH - Qa,1,7
138,PACIFIC MOUNTAIN SYSTEM-PACIFIC BORDER-PUGET TROUGH - Qg,1,29
139,ROCKY MOUNTAIN SYSTEM-MIDDLE ROCKY MOUNTAINS-UnknownSection - PZms,1,7
140,ROCKY MOUNTAIN SYSTEM-MIDDLE ROCKY MOUNTAINS-UnknownSection - Qa,1,7
141,ROCKY MOUNTAIN SYSTEM-MIDDLE ROCKY MOUNTAINS-UnknownSection - Qs,1,5
142,ROCKY MOUNTAIN SYSTEM-MIDDLE ROCKY MOUNTAINS-UnknownSection - Qv,1,5
143,ROCKY MOUNTAIN SYSTEM-MIDDLE ROCKY MOUNTAINS-UnknownSection - Tertiary rocks,2,7
144,ROCKY MOUNTAIN SYSTEM-NORTHERN ROCKY MOUNTAINS-UnknownSection - MZgr,1,10
145,ROCKY MOUNTAIN SYSTEM-NORTHERN ROCKY MOUNTAINS-UnknownSection - Qg,1,11
146,"ROCKY MOUNTAIN SYSTEM-NORTHERN ROCKY MOUNTAINS-UnknownSection - Quaternary units, undifferentiated",2,5
147,ROCKY MOUNTAIN SYSTEM-NORTHERN ROCKY MOUNTAINS-UnknownSection - Tertiary rocks,2,11
148,ROCKY MOUNTAIN SYSTEM-NORTHERN ROCKY MOUNTAINS-UnknownSection - Undifferentiated Paleozoic rocks,2,5
149,ROCKY MOUNTAIN SYSTEM-NORTHERN ROCKY MOUNTAINS-UnknownSection - Ymss,1,10
150,UnknownDivision-LLANURA SONORENSE-DESIERTO DE ALTAR - UnknownGeoUnit,1,17
151,UnknownDivision-PENÍNSULA DE BAJA CALIFORNIA-SIERRAS DE BAJA CALIFORNIA NORTE - UnknownGeoUnit,1,10
