freq,intercept,coeff_M,slope_Vs30_low,slope_Vs30_mid,slope_Vs30_high,r_squared
0.1,-5.24964986889985,2.071261608918355,1.4765070619988876,1.3289454844418267,0.33057130840846777,0.9730488664941007
0.1023292992280754,-5.210136454532667,2.060672148457596,1.4766619219140251,1.329631046704446,0.33081027423976395,0.9725352057406771
0.1047128548050899,-5.170858133157176,2.0499015498900692,1.4768174642744918,1.3303209273221497,0.3310502345709088,0.9720000083973586
0.1071519305237606,-5.131825542365308,2.0389511198328862,1.4769736932255522,1.331015158776843,0.33129119505490384,0.9714428634555868
0.1096478196143185,-5.093040538518679,2.0278098437838143,1.4771307266399707,1.3317144309898779,0.3315332632060706,0.9708629988058142
0.1122018454301963,-5.05452270975169,2.0164904419382315,1.477288462500702,1.332418178394411,0.3317763436606681,0.9702603722966792
0.1148153621496883,-5.0162835666070835,2.004995777755912,1.4774468940117624,1.333126371424601,0.33202043193061503,0.969634655030706
0.1174897554939529,-4.978333457361122,1.9933276446762636,1.477606025438129,1.3338390438204422,0.3322655337469897,0.9689854981667582
0.1202264434617412,-4.940682294917466,1.9814879420473974,1.477765861142189,1.3345562299629106,0.3325116549720514,0.9683125691067462
0.1230268770812381,-4.9033393901842,1.9694786724818374,1.477926405577991,1.335277964859631,0.3327588015881422,0.9676155520424351
0.1258925411794167,-4.866308472611042,1.9572929807085053,1.4780877373416317,1.3360047412470735,0.33300703433012424,0.966893889494693
0.1288249551693134,-4.829600070311858,1.9449374936476234,1.4782498210845738,1.3367363640684087,0.3332563234868813,0.9661474412504656
0.1318256738556407,-4.793223101237876,1.932419133212152,1.4784126226463632,1.3374726335965625,0.33350664519486756,0.9653760840975465
0.1348962882591653,-4.757182510050004,1.919740323506706,1.478576146588488,1.3382135860978814,0.3337580054846681,0.9645795787813175
0.1380384264602885,-4.721481655845207,1.9069035793225246,1.4787403975340507,1.3389592583564687,0.33401041045560986,0.9637577053706501
0.1412537544622754,-4.68612210961888,1.8939115047960022,1.4789053801462988,1.3397096875855425,0.3342638662410394,0.9629102637404411
0.1445439770745927,-4.651101193533544,1.8807614073572503,1.4790711392248945,1.3404651792443054,0.3345183999564922,0.9620369382400271
0.1479108388168207,-4.61641548810079,1.867453803007271,1.4792376937240899,1.3412258809310125,0.33477401887246006,0.9611375317606259
0.1513561248436208,-4.58206317908942,1.8539993628925922,1.479404989190642,1.3419914416405534,0.3350306955190405,0.9602121135263536
0.1548816618912481,-4.548036499296731,1.8404010454075368,1.479573030351017,1.3427618996985966,0.3352884359980501,0.9592605701356114
0.1584893192461113,-4.51432492143522,1.8266618894198454,1.4797418219025664,1.3435372935617793,0.33554724633498234,0.958282809998391
0.1621810097358929,-4.480915007073364,1.8127850148689966,1.4799113684741692,1.3443176616390324,0.33580713241810406,0.9572787638439112
0.165958690743756,-4.4477893812678495,1.7987716265903213,1.480081688012585,1.345103139991702,0.33606810330354797,0.9562483473154016
0.1698243652461744,-4.414924158016337,1.7846164507664113,1.4802528408146953,1.3458941852627044,0.33633017341875426,0.9551913946566901
0.1737800828749375,-4.382300879745421,1.7703335020274675,1.480424758553518,1.346690312904672,0.3365933265284539,0.9541081234674266
0.1778279410038923,-4.349893394058871,1.7559261932293762,1.4805974458393745,1.3474915621140238,0.3368575683504146,0.9529985577236921
0.1819700858609983,-4.3176726134787975,1.7413980141045315,1.4807709071091382,1.348297971556164,0.33712290430259395,0.9518627454313726
0.1862087136662867,-4.285606834649547,1.726752532995416,1.4809451465797827,1.3491095791413399,0.3373893394336549,0.9507007591647216
0.1905460717963247,-4.253662244701672,1.7119933980785156,1.4811201682088952,1.3499264218290397,0.33765687836486197,0.9495126965666594
0.1949844599758045,-4.221794877557938,1.6971130766369542,1.4812960454366497,1.350749087890108,0.3379255226352786,0.9482985586145676
0.1995262314968879,-4.189975409069228,1.6821253513142882,1.481472719122584,1.3515771255828,0.3381952743570888,0.947058626359716
0.2041737944669529,-4.158170148524141,1.6670351873473148,1.4816501861330158,1.352410516507874,0.33846613823933147,0.9457930833407275
0.2089296130854039,-4.126347463008733,1.6518464669997612,1.4818284502611727,1.35324929776623,0.3387381184928495,0.944502124959076
0.2137962089502232,-4.094480720845267,1.6365631405487717,1.4820075150454581,1.354093505506824,0.3390112189100507,0.9431859722626912
0.2187761623949553,-4.062550774491633,1.621189217133161,1.4821873838509765,1.3549431752988792,0.3392854429916375,0.9418448714620075
0.223872113856834,-4.030540250318038,1.6057203321750442,1.4823681119462855,1.3557987626671615,0.3395607879893447,0.9404790371296352
0.2290867652767773,-3.9984580945321717,1.590164355918309,1.4825496797465525,1.3566601198942267,0.3398372591848067,0.9390888028235003
0.2344228815319922,-3.966331171151883,1.574529819176632,1.482732063580582,1.357527065129923,0.3401148629277664,0.9376745201224379
0.239883291901949,-3.9342017189190814,1.5588208940752402,1.4829152668395764,1.358399635008361,0.3403936025844351,0.9362365320727803
0.245470891568503,-3.9021341679831543,1.5430417575583877,1.483099293240272,1.359277867964988,0.34067348198530123,0.9347752028173065
0.251188643150958,-3.870216474760946,1.5271965592901997,1.4832841471705311,1.3601618059206657,0.3409545059431271,0.9332909145683309
0.2570395782768864,-3.8385583573179503,1.5112842626481473,1.4834698649904428,1.3610517572025798,0.3412366713318407,0.9317840730079149
0.2630267991895381,-3.8072958850829877,1.495306797916553,1.4836564636181422,1.3619478840698513,0.3415199718227176,0.930255156623203
0.2691534803926915,-3.7765806487447127,1.4792761048181902,1.4838439002222328,1.3628498383420495,0.34180442256564914,0.9287046293855291
0.2754228703338166,-3.746564837610949,1.4631963671245791,1.4840321801486005,1.3637576675438858,0.3420900296466371,0.9271329596605413
0.2818382931264453,-3.7173924259813145,1.4470716739424407,1.484221310093849,1.3646714261095227,0.34237680113853103,0.9255406265125972
0.2884031503126605,-3.6891841663934306,1.4309060323432585,1.4844112979445614,1.3655911747039744,0.3426647468359201,0.9239281204711752
0.2951209226666385,-3.6620242696950056,1.4147019413585695,1.4846021586563731,1.366517053045539,0.3429538644423694,0.9222960119069539
0.3019951720402016,-3.635951989122704,1.3984574857351297,1.4847939204495002,1.3674494277501243,0.34324408789666344,0.9206452349613274
0.309029543251359,-3.610923908629801,1.3821855302103343,1.4849865487139857,1.3683879095567744,0.3435354876448079,0.9189760636086194
0.3162277660168379,-3.5868466536911474,1.3658900946555403,1.485180052087196,1.3693325639875775,0.3438280744164517,0.917289067493049
0.3235936569296282,-3.563573737900672,1.3495752664820835,1.4853744385613772,1.3702834539829554,0.3441218578623607,0.9155848413361339
0.3311311214825911,-3.54091783612412,1.3332452659691303,1.4855697146849511,1.3712406359353033,0.3444168453588028,0.9138640116956394
0.3388441561392025,-3.518665767664621,1.3169044816099804,1.485765885106395,1.3722041573409496,0.34471304134223923,0.9121272407176002
0.3467368504525316,-3.4965850700936087,1.3005513803620115,1.485962961627902,1.373174373381659,0.345010316181034,0.9103760100740901
0.3548133892335754,-3.4744518129748787,1.2841958328402865,1.486160941060156,1.3741510554164802,0.34530878759531825,0.9086103702390218
0.3630780547701014,-3.452054252348816,1.2678428993638395,1.4863598274400098,1.3751342187484927,0.34560847481070905,0.9068309487562142
0.3715352290971725,-3.429195884348621,1.2514971173882556,1.486559623922638,1.376123904639184,0.34590937978532676,0.9050384901908897
0.3801893963205611,-3.4057013132475946,1.2351631589392436,1.4867603319783267,1.3771201462522835,0.34621150190037153,0.9032337691256572
0.3890451449942805,-3.3814247595841973,1.2188457989302361,1.4869619517193824,1.3781229701656437,0.3465148384756684,0.9014175861211227
0.3981071705534972,-3.356246253229981,1.2025440167266732,1.487164509811484,1.3791327354098117,0.34681931647148734,0.8995912352639747
0.4073802778041127,-3.3301377546081694,1.1862642013624904,1.4873680084352248,1.3801493911409743,0.34712498350297616,0.8977552379955411
0.4168693834703354,-3.3031710177753446,1.1700140948334627,1.4875724356036453,1.3811727968942873,0.3474318775380114,0.8959101577275757
0.4265795188015926,-3.2755296092405617,1.153798508302204,1.4877777906433896,1.3822029763530417,0.34773999446575,0.8940568449900701
0.436515832240166,-3.247535262350376,1.1376221061303982,1.4879840744797839,1.3832399613340423,0.34804933256137394,0.8921961425668644
0.4466835921509631,-3.2196441012689583,1.1214892220555035,1.4881912920144627,1.3842838039280165,0.34835989600491796,0.8903288626222503
0.4570881896148751,-3.1924165456321294,1.1054000017945933,1.4883994755148726,1.3853348182388405,0.3486716589776704,0.8884560732038983
0.4677351412871982,-3.1664549167674263,1.0893574963171555,1.488608634295123,1.3863931459561254,0.34898459257399483,0.8865788498227191
0.4786300923226383,-3.142265359038877,1.0733720458139273,1.4888187362660608,1.3874584668048058,0.34929875191446297,0.8846976018721531
0.4897788193684462,-3.120179493095727,1.0574474302610857,1.4890297928077736,1.3885308669672587,0.3496141506176423,0.8828130859859267
0.5011872336272724,-3.1002737022371396,1.04158714537957,1.4892418189951624,1.389610452302206,0.3499308076266771,0.8809260230183239
0.5128613839913648,-3.0823232660004916,1.0257947566657386,1.489454828952428,1.3906973248560808,0.35024874023455754,0.8790371380448361
0.5248074602497725,-3.0658156599060264,1.0100739188703822,1.4896688263550717,1.3917915789673578,0.35056792294689887,0.8771474419556843
0.5370317963702527,-3.050016695906345,0.9944277546818414,1.4898837875008852,1.3928933427506833,0.35088818291917623,0.8752589749860485
0.5495408738576245,-3.0341121353877414,0.9788624306322251,1.4900997453999538,1.3940025518345793,0.3512097232704479,0.8733710989001985
0.5623413251903491,-3.01732503317091,0.9633819116202174,1.490316707649965,1.395119276716722,0.3515325512063251,0.871484546613165
0.5754399373371569,-2.9989467780215877,0.9479906645428047,1.4905346743236643,1.3962435496296497,0.35185666262291204,0.8696000978894068
0.588843655355589,-2.978379556034218,0.9326935675144931,1.4907536388643026,1.3973753686195656,0.3521820435638694,0.8677185662936223
0.6025595860743578,-2.955244913503627,0.917495716897286,1.4909735904932513,1.398514709565917,0.35250867389439894,0.8658407733983868
0.6165950018614822,-2.9295610356873194,0.9023941230852986,1.49119458587126,1.3996621689856192,0.35283645996677626,0.8639682713558788
0.6309573444801932,-2.9022440969360908,0.8873979477815733,1.4914166016045993,1.4008174196425929,0.353165512623526,0.8621007899953267
0.6456542290346556,-2.8749905366472026,0.8725132821397669,1.4916396160166745,1.4019803492510954,0.35349581574272054,0.8602389907852912
0.6606934480075961,-2.849884412206687,0.8577441796947906,1.491863630077661,1.4031509952357013,0.3538273664041535,0.8583834613675123
0.6760829753919819,-2.8285418597598975,0.8430929829306132,1.492088670124379,1.404329528439684,0.35416019901435514,0.8565345432542082
0.6918309709189364,-2.811353431936467,0.8285616678861719,1.4923147683773954,1.4055161524832303,0.35449435618957825,0.8546924977986371
0.7079457843841379,-2.7974235721895884,0.8141535227460995,1.4925419061447507,1.4067109915631175,0.3548296773347597,0.8528589430078912
0.72443596007499,-2.785115270826163,0.7998738458941554,1.4927700788969671,1.40791397073138,0.35516620591093184,0.8510339178942568
0.7413102413009175,-2.7729185602778084,0.7857256341073584,1.4929993186160875,1.409125189016361,0.3555040549514694,0.8492170046022898
0.7585775750291838,-2.759813538241665,0.7717124560412728,1.4932296295302503,1.4103447051427072,0.355843225320996,0.8474085093550501
0.7762471166286917,-2.745350213473815,0.7578383646988602,1.4934610065039393,1.4115725285094745,0.3561837040249237,0.8456087612751213
0.7943282347242815,-2.7296347689182263,0.7441072538980165,1.4936934452505686,1.4128086729541562,0.35652547932420275,0.8438180293307138
0.8128305161640993,-2.713203238959915,0.7305217796665394,1.493926946644712,1.4140532872579037,0.3568684679011991,0.8420370807609674
0.8317637711026711,-2.6969442144824796,0.7170847262005233,1.494161517857182,1.4153065032048064,0.3572126293327438,0.840266314128141
0.8511380382023765,-2.6820086406557735,0.7038006223451522,1.4943971627421915,1.4165682094275904,0.3575580866724515,0.8385048513678969
0.8709635899560807,-2.668971007735796,0.6906719027181248,1.4946338962783745,1.4178385239453934,0.3579048561261581,0.8367526088878974
0.8912509381337457,-2.6568579202374014,0.6777004048136832,1.4948717434195986,1.419117619672076,0.35825296816233954,0.8350093868965044
0.9120108393559097,-2.643595622577577,0.664889416447114,1.4951107014067806,1.4204055215377698,0.3586024124488036,0.8332751463590432
0.933254300796991,-2.6277830477954924,0.6522429566181324,1.4953507478545236,1.4217021833841117,0.3589531217744325,0.8315501411359555
0.954992586021436,-2.6098077598277625,0.6397620516130701,1.4955919045856294,1.4230079414479757,0.3593049738644444,0.8298350832222448
0.9772372209558108,-2.590753435262246,0.6274503110395265,1.4958341781485671,1.4243226499986301,0.3596581473865146,0.8281284886995103
1.0,-2.570974384098025,0.6153104334039381,1.4960775676265166,1.425646344569354,0.3600126344701395,0.8264301448549703
1.023292992280754,-2.551631603251985,0.6033455879905707,1.4963220595537419,1.4269789923913445,0.3603684089498529,0.8247398965750243
1.0471285480508996,-2.535660274288576,0.5915574566379523,1.4965676678022206,1.428320709807642,0.36072548438171653,0.8230573761789659
1.0715193052376064,-2.525008139772651,0.5799456033760636,1.4968144497820859,1.429671853267539,0.3610839369074779,0.8213819112114109
1.096478196143185,-2.517398410614651,0.5685153830503188,1.4970623348761534,1.4310322752496927,0.36144347604771737,0.8197148276396706
1.1220184543019636,-2.5079401420749265,0.5572658392593526,1.497311396111427,1.432402237851074,0.3618043590554486,0.8180542917318068
1.1481536214968828,-2.493820068875271,0.5461985684023254,1.4975616425314875,1.433781809816737,0.36216661437526504,0.8163998080693685
1.1748975549395295,-2.4765213741935197,0.5353177164540893,1.4978130200440596,1.4351707368173956,0.36253015613516765,0.8147514521698744
1.2022644346174132,-2.461242595597147,0.524625263352814,1.4980655176592665,1.4365690007152778,0.36289496125924897,0.8131090237609568
1.2302687708123818,-2.453222592216781,0.5141191895857629,1.4983192171849051,1.4379770992376568,0.36326114000938653,0.8114717511647752
1.2589254117941675,-2.4522058713084762,0.5038033419763485,1.49857406835471,1.4393949188478372,0.36362848380754254,0.8098404699866345
1.2882495516931345,-2.4511707400521976,0.4936778724306936,1.4988300960573695,1.4408225815092144,0.3639970768171454,0.8082144959489113
1.3182567385564077,-2.442556115113936,0.483739813334196,1.4990873985950934,1.4422606121698807,0.3643671255868485,0.8065926682970044
1.348962882591654,-2.4255480099805147,0.4739938170799493,1.4993458802678896,1.4437085242106338,0.3647384835850538,0.8049755267167468
1.3803842646028852,-2.408596356408533,0.4644435173060981,1.4996054589446515,1.4451659019299865,0.36511102506586957,0.8033635602129091
1.4125375446227548,-2.402505092369418,0.45508464118717823,1.4998662624803614,1.4466335090758937,0.3654849251222549,0.8017560161015411
1.4454397707459272,-2.4068806482960357,0.4459173729765494,1.5001283137791344,1.4481115819802084,0.36586013162525216,0.8001532479362188
1.4791083881682072,-2.408635182557409,0.4369448424017779,1.500391543327798,1.449599801502725,0.3662364931353535,0.7985560503564707
1.513561248436208,-2.3982855128528784,0.4281612522730602,1.5006561024318703,1.4510989764391582,0.36661433817309064,0.7969631487023929
1.5488166189124812,-2.3802742718331618,0.4195718530144894,1.5009218320606768,1.452608256216043,0.3669934298066043,0.7953758325955536
1.5848931924611134,-2.3654288472760507,0.4111769949301484,1.5011887073980377,1.4541275464331038,0.3673737241877522,0.7937946349961376
1.6218100973589298,-2.360332834950635,0.4029720090979082,1.5014568617502553,1.455657655339795,0.36775540191279976,0.7922192310715235
1.6595869074375604,-2.3593781989017635,0.3949557288024058,1.5017263276937294,1.4571988363212312,0.36813847390266985,0.7906500907395702
1.6982436524617444,-2.3485825813633676,0.3871314517784215,1.5019970227582284,1.458750740230337,0.3685226761028992,0.7890889102676969
1.7378008287493754,-2.3264191102620853,0.37949453573029734,1.5022690221226003,1.4603137499598207,0.3689082705158393,0.7875351710606836
1.7782794100389228,-2.305375181071061,0.37204829170258735,1.5025421679307116,1.4618870091756317,0.36929502331806296,0.7859904980576246
1.8197008586099837,-2.2906147920964335,0.3647872974536234,1.50281661153972,1.4634714402471314,0.36968313935316777,0.784454805896171
1.8620871366628675,-2.272033704912709,0.35770907172147404,1.5030924012610307,1.4650673773546756,0.3700726760634342,0.7829286611739332
1.9054607179632472,-2.2442699758623763,0.35081651081495435,1.5033693652136209,1.4666738785105022,0.37046338096691117,0.7814138747435786
1.9498445997580451,-2.22763558571132,0.3441066883902371,1.503647636220841,1.4682918146734019,0.3708552720811461,0.779911293556265
1.99526231496888,-2.238559708763683,0.33758015363951976,1.5039270422575395,1.469920180467076,0.37124823660159373,0.7784221517759822
2.0417379446695296,-2.248886052893407,0.3312232027992333,1.504208085932976,1.471561955945861,0.371642992956669,0.7769446344794948
2.08929613085404,-2.2278699585419615,0.3250384411132832,1.5044905886515383,1.473216163883958,0.3720392763044109,0.7754806952443731
2.1379620895022327,-2.1910835582738653,0.3190357418208507,1.504773989476168,1.4748795700672304,0.3724362903576044,0.7740341613649204
2.187761623949553,-2.1802907459653413,0.3132035614207773,1.5050587077779574,1.4765546838776475,0.3728346126377922,0.7726037902891489
2.23872113856834,-2.190742987769278,0.30753909424374826,1.5053448499604098,1.4782421944516362,0.37323427162750744,0.771190462151498
2.2908676527677736,-2.1823971720006363,0.3020383717844009,1.5056324739438331,1.4799424905050285,0.37363538458136486,0.7697946310051106
2.344228815319923,-2.1589004162355088,0.29670290238769664,1.505921323751972,1.4816541122103088,0.37403764509147724,0.768418163173998
2.3988329190194912,-2.1544151580707274,0.2915318130133758,1.506211286928529,1.483376444404317,0.37444088634748474,0.7670623992572164
2.454708915685031,-2.157788181298365,0.28651162888464504,1.5065029763881468,1.4851131898012708,0.37484594787485886,0.7657253091024924
2.511886431509581,-2.1387664226199194,0.2816477079209555,1.5067959360255718,1.4868616984328589,0.3752521832843811,0.7644097931921929
2.5703957827688635,-2.1210962030853504,0.27693826548303824,1.5070901482194703,1.488621904777969,0.3756594961802444,0.7631168904448448
2.6302679918953813,-2.1248028342178835,0.27238000686847813,1.507385666577904,1.4903941635601339,0.3760679110474102,0.7618471807493957
2.691534803926915,-2.1302857815579763,0.2679657421511481,1.5076826674950279,1.4921796163357117,0.37647776111750075,0.7606000750494143
2.7542287033381663,-2.133291113504771,0.26369284172249474,1.5079811382842463,1.4939782525100296,0.37688901498278704,0.7593762117398177
2.8183829312644537,-2.1181722868162787,0.2595581802821254,1.508281096639518,1.4957902446805624,0.3773016830455893,0.7581760423632523
2.884031503126605,-2.106919313164434,0.25556447594307563,1.5085821085539375,1.497613028896043,0.3777151569943847,0.7570016957103337
2.9512092266663856,-2.1246691181480477,0.2517009427611886,1.5088847733803972,1.499450283128069,0.3781302264809958,0.7558512844766184
3.019951720402016,-2.1344937327924978,0.24797062115789342,1.5091887513517948,1.5012999333278152,0.37854630147901563,0.754726929853204
3.0902954325135905,-2.1269628387562296,0.24436614924537667,1.5094942189370293,1.5031631905776854,0.37896374386157594,0.7536276230145231
3.1622776601683795,-2.124329534293009,0.24088657162537766,1.5098009903745326,1.5050389853239117,0.37938228585183,0.75255421434043
3.2359365692962827,-2.130206795850079,0.2375270135849624,1.5101092142294141,1.5069282893851126,0.37980211687909454,0.751506296544725
3.311311214825911,-2.1431842122049893,0.23428264059683745,1.51041906161834,1.508832221787433,0.3802234547195973,0.7504833925413631
3.3884415613920256,-2.1330767533882744,0.23115247724238333,1.510730339475331,1.5107496665703637,0.3806460221236676,0.7494861807017392
3.4673685045253166,-2.1212809557233836,0.22813664603878803,1.51104289497013,1.5126796133209575,0.38106947489088216,0.7485156318054658
3.548133892335755,-2.1469314225265097,0.22523005421022613,1.5113567501053429,1.5146223545523145,0.3814939378732129,0.7475710561476948
3.630780547701014,-2.1607620654267867,0.22242392265919275,1.5116725117878087,1.5165817406183275,0.38192023499218963,0.7466504472498761
3.715352290971726,-2.160016979508727,0.2197200046194859,1.511989668112515,1.51855467074589,0.3823476577344946,0.7457551729428424
3.801893963205612,-2.1533433120965473,0.21711569810872872,1.5123081596709542,1.5205408400421527,0.38277611222330254,0.7448851450700975
3.890451449942807,-2.1687471855277094,0.21460653895458312,1.5126281651383253,1.5225414299108382,0.38320582402347925,0.7440395982243642
3.981071705534973,-2.2039108019678224,0.21219119193885488,1.5129496268109166,1.5245560238963554,0.38363661625863066,0.7432187406710902
4.073802778041128,-2.213991689920688,0.2098645477738029,1.5132727813640645,1.5265862183151493,0.38406882711316154,0.7424214909083175
4.168693834703355,-2.2079892408821937,0.20762588444649874,1.513597245422365,1.5286297459624831,0.38450197731605656,0.741648223550691
4.265795188015928,-2.217374335451481,0.2054709860909611,1.513923214887617,1.5306879089263452,0.38493631383213645,0.7408980559068058
4.365158322401661,-2.232956134443678,0.20339652480053064,1.5142507878950382,1.5327614012251454,0.38537195092851045,0.7401703605489971
4.466835921509633,-2.2545233609260262,0.20139911612756284,1.5145800985741784,1.5348511511265626,0.38580904897175733,0.7394644439526803
4.570881896148752,-2.2563053628814327,0.1994785890611185,1.5149108422337199,1.5369552105137043,0.38624714011659483,0.7387807001159077
4.677351412871981,-2.26535945639531,0.1976337122650098,1.515242820320121,1.53907230514979,0.38668591505258504,0.7381191361058288
4.786300923226383,-2.29192940999879,0.19585805899129036,1.5155765579446707,1.5412060096039368,0.3871261329567076,0.7374778946979668
4.897788193684462,-2.3061186500058453,0.19414864726770945,1.5159121959218547,1.543357312062101,0.3875679595668192,0.736856275793458
5.011872336272722,-2.2962621580124982,0.192506649276032,1.5162490366714831,1.545521817090928,0.3880104593070515,0.736255070350557
5.1286138399136485,-2.3010317385824313,0.19092690166002918,1.516587653763548,1.547703283304423,0.38845436871062006,0.735672732925861
5.248074602497725,-2.3086952500621063,0.1894086454786222,1.51692776514202,1.549899939665991,0.38889928570227295,0.7351092982052285
5.370317963702527,-2.3111008348850723,0.18795012445855802,1.517269465159853,1.5521122376495988,0.3893452249512435,0.7345643901060108
5.495408738576245,-2.3011317079775804,0.18654780771870835,1.5176128226730166,1.5543409572122546,0.38979236585866855,0.7340370129035184
5.62341325190349,-2.3043248298105192,0.1852011905059165,1.5179574359298678,1.5565835629175695,0.3902401680096402,0.7335272465759753
5.7543993733715695,-2.3228010223952356,0.18390565828356242,1.518303967580573,1.558844447819131,0.39068947462948106,0.7330335949747979
5.88843655355589,-2.331265305637918,0.1826591798212329,1.5186524858196724,1.5611241521708998,0.39114035152047427,0.7325555100004967
6.025595860743578,-2.349352074296121,0.18146245004212277,1.5190022633810607,1.5634180041332681,0.3915918401278317,0.7320934810460369
6.165950018614822,-2.3534352912321674,0.18031321674687642,1.5193536395119005,1.56572799274818,0.39204425906103424,0.7316468220762702
6.309573444801933,-2.379509202795114,0.17920897673963881,1.5197065916134722,1.5680542956817047,0.3924976481034439,0.7312147938081184
6.456542290346556,-2.3908116609062326,0.17814642070167291,1.5200616084677252,1.5704002738732044,0.3929526297563948,0.7307962907860007
6.606934480075961,-2.3876586002464038,0.17712583301538676,1.5204180534332992,1.5727618076475975,0.3934083667655699,0.730391600570544
6.760829753919819,-2.4027405883447757,0.1761454106577726,1.5207759640552494,1.57513922241842,0.3938648897498197,0.7300001825563665
6.918309709189366,-2.434522834048047,0.17520190092261576,1.5211359780269496,1.5775368429669252,0.3943229898110719,0.7296208962773026
7.07945784384138,-2.461436928261488,0.17429608354821743,1.5214974145940456,1.579949980681068,0.39478170982052874,0.7292541852049902
7.2443596007499025,-2.4896464530158626,0.17342572507767232,1.5218604709668833,1.582380114672825,0.3952413092510081,0.7288993085205101
7.413102413009177,-2.5180099480519718,0.17258836855213852,1.522225474541951,1.5848296801233097,0.3957022244122053,0.7285554189596234
7.585775750291839,-2.5611697231159836,0.17178432331310614,1.5225916886525526,1.587293814907072,0.3961635047122593,0.7282227803468042
7.76247116628692,-2.603491056771775,0.1710089775875733,1.5229606587747917,1.58978301998183,0.3966270720308689,0.727899608630985
7.943282347242818,-2.617557640882697,0.1702642475454398,1.523330914135736,1.5922874823077136,0.39709105450529164,0.7275868215469463
8.128305161640995,-2.6325188135375646,0.16954848103900919,1.5237027447102536,1.594809074158413,0.3975557557206113,0.7272838391790705
8.317637711026709,-2.6575432829782892,0.16886052114991154,1.5240761951650594,1.5973480508084403,0.3980211814198701,0.7269902843755781
8.511380382023763,-2.672292971986165,0.16819837190979212,1.5244515261772738,1.5999065609782237,0.3984877052734325,0.7267054440665814
8.709635899560805,-2.6630721963308153,0.16756000365513155,1.5248293340608778,1.6024887850941252,0.3989560409966364,0.7264285467501977
8.912509381337454,-2.638233791108884,0.16694711896355208,1.52520798520228,1.6050836471506074,0.39942414147398353,0.7261604394925323
9.120108393559097,-2.647794595984424,0.16635694371854884,1.5255885244441583,1.6076983832012612,0.39989327962258114,0.7259000203483091
9.33254300796991,-2.676586947355517,0.16578806672281834,1.5259713203310952,1.6103355755431077,0.4003638694679892,0.7256467586655653
9.549925860214358,-2.7037001485716976,0.16524126026127706,1.5263554622643114,1.6129886551659727,0.4008346842566549,0.7254010729423593
9.772372209558108,-2.7320215798930088,0.1647142648725183,1.5267415929930475,1.6156625933446904,0.4013065870505112,0.7251620826043492
10.0,-2.7495100316863503,0.16420671583931495,1.5271293615816204,1.6183550574615657,0.4017791239735948,0.724929717197123
10.232929922807546,-2.788776289916196,0.16371713789210976,1.5275192827331745,1.62106972682133,0.4022528967610781,0.7247033936326617
10.471285480508996,-2.8263715550650463,0.16324487604235327,1.5279112932005834,1.6238062755083678,0.4027277996526541,0.7244828961314049
10.71519305237607,-2.8493095185999042,0.16278966307481585,1.528304995550842,1.6265620368506821,0.4032033256584316,0.7242681901245409
10.964781961431852,-2.883250117098752,0.16235126244289685,1.5287002021875313,1.629335296999252,0.4036791315919698,0.7240592302916593
11.220184543019627,-2.9051969282428782,0.16192803604535816,1.529097500600089,1.6321306788078649,0.40415597952960675,0.7238553537448917
11.481536214968829,-2.91512829850823,0.16151958295813434,1.5294966113659465,1.6349463994730256,0.40463352106509914,0.7236564578244833
11.748975549395292,-2.9298409875179603,0.16112486755122477,1.529897942232091,1.6377854496214246,0.40511221579303025,0.7234621220085888
12.02264434617413,-2.9516943833774754,0.16074402205847033,1.5303007329818152,1.6406425578069728,0.4055911308125103,0.7232724972867055
12.30268770812381,-2.9556310756244564,0.1603756152650187,1.530705882594204,1.6435242049450818,0.40607130666153063,0.7230869548444617
12.589254117941676,-2.982110479044508,0.1600199869817751,1.531112588548356,1.6464244171827767,0.40655169894966164,0.7229057299554764
12.882495516931336,-3.011038396676332,0.15967640525224902,1.5315209467837925,1.6493440935433112,0.40703242089585356,0.7227285472986497
13.182567385564074,-3.0625683435145414,0.15934383904345215,1.5319314355477862,1.6522870069311915,0.40751405036829674,0.7225549711925083
13.489628825916531,-3.1180388740723393,0.1590218759439238,1.5323439766502809,1.655252715828606,0.4079964647462378,0.7223848643808825
13.803842646028851,-3.1568379535589264,0.15870959206064872,1.5327591985635753,1.6582458707977907,0.4084803640052043,0.7222178120903249
14.12537544622754,-3.1986851364672453,0.15840750080924842,1.5331758237964692,1.6612573877162782,0.4089642298007085,0.7220541672532358
14.45439770745928,-3.2484798506846433,0.15811482611466018,1.5335944007202897,1.6642910752327542,0.40944863329346154,0.7218935818783425
14.791083881682072,-3.2795651170692697,0.15783112129755109,1.5340150399412484,1.6673476571213488,0.4099336441043004,0.7217358829274875
15.135612484362088,-3.2858942519670635,0.15755601714831358,1.5344374892271917,1.6704258416913635,0.4104190090994163,0.7215809638227813
15.488166189124811,-3.2887385936172757,0.15728898328682997,1.534861971550214,1.6735273704582896,0.41090495499785307,0.7214286030834587
15.848931924611142,-3.312795366383022,0.1570295147059352,1.5352887279596144,1.6766541318342407,0.41139172451393496,0.7212785856586612
16.218100973589298,-3.317704789518678,0.1567773967645544,1.535717554992746,1.6798047641644613,0.4118790518757135,0.721130859759611
16.595869074375614,-3.3275433333231206,0.1565324527230791,1.536148206765242,1.6829775009489552,0.4123666158543633,0.7209853940076275
16.98243652461744,-3.3722638033089125,0.1562946481399053,1.5365803639779019,1.686169476965777,0.4128539432418407,0.7208422259895124
17.378008287493763,-3.434711108513805,0.15606312240845097,1.5370147354651054,1.6893867181959759,0.41334190014010286,0.720700939760573
17.78279410038923,-3.4840386067725935,0.15583722210209264,1.5374520518361978,1.6926347912259643,0.4138312671235069,0.7205612004149851
18.197008586099845,-3.5198213000879246,0.15561738550910034,1.5378909451280263,1.6959036683169695,0.41432047659455995,0.7204233464000314
18.620871366628677,-3.5768805662248253,0.1554030145720708,1.5383320583251645,1.6991982558356316,0.4148102138960945,0.720287074380229
19.054607179632484,-3.636807913652997,0.15519371840985438,1.5387756967040824,1.702520974269284,0.4153007790687917,0.7201522004826062
19.49844599758045,-3.702290777862932,0.15498995634545717,1.5392205712875728,1.7058615720936634,0.41579062596378036,0.720019071406001
19.952623149688808,-3.766944697150266,0.1547909941335423,1.5396675188944096,1.7092270205046123,0.41628072360285123,0.7198872997771344
20.417379446695296,-3.8271936419927663,0.15459629247727655,1.5401172341080445,1.7126228201019136,0.41677180922842433,0.7197565937202526
20.892961308540382,-3.861236922742264,0.15440592777187498,1.5405690759587751,1.7160442766884967,0.41726314170717016,0.7196270646889553
21.379620895022324,-3.905720554938751,0.1542197647205038,1.5410228710542884,1.7194902083166348,0.4177544978693977,0.7194986850285172
21.87761623949552,-3.9666792375652165,0.15403729776131075,1.5414793913041802,1.7229666160856516,0.41824667313389197,0.7193711659517229
22.3872113856834,-4.018510209352635,0.15385887320155495,1.5419374455271093,1.7264640133841551,0.4187382846798012,0.7192447990744645
22.908676527677724,-4.0605071220148155,0.15368406323957132,1.5423975733070094,1.729986814792084,0.419229902603794,0.7191193523266401
23.442288153199225,-4.120764430243639,0.15351271088685883,1.5428596208860097,1.7335343263816834,0.41972136804294247,0.718994782545651
23.9883291901949,-4.186339179067581,0.15334422030750688,1.543324777661505,1.737115843169191,0.42021390321294216,0.718870710619288
24.547089156850312,-4.247109163499481,0.15317880172151038,1.5437920627773463,1.7407239756438309,0.4207064238738266,0.7187473432359819
25.118864315095795,-4.290655817181556,0.15301622183101737,1.5442617144692183,1.7443607073700893,0.42119914109298756,0.7186245613359111
25.703957827688647,-4.339170185924674,0.1528565128744358,1.54473330063097,1.7480224768376988,0.4216915271126511,0.7185024382530327
26.30267991895381,-4.41578877733961,0.15269968619361698,1.5452064070830185,1.7517058675808146,0.42218308813741934,0.7183810370816741
26.91534803926917,-4.481868724577756,0.15254505125261067,1.5456825643837822,1.755423603005923,0.42267544053058675,0.7182598870203485
27.542287033381665,-4.5289951058896705,0.15239280921924986,1.5461607914603632,1.7591681788353508,0.4231675228543561,0.7181391927478289
28.183829312644548,-4.604835302066916,0.1522427853711694,1.5466412552745767,1.762941046963067,0.4236594672850038,0.7180188657686868
28.84031503126606,-4.686863828189513,0.15209463501068532,1.5471247154469259,1.7667483365372028,0.4241520033882452,0.7178986743494552
29.51209226666387,-4.7815456670417005,0.15194843989759935,1.5476105930396677,1.77058555425046,0.42464448205680433,0.7177787265889171
30.19951720402016,-4.848068783946957,0.15180447918401277,1.5480977470674302,1.7744429289719217,0.42513563453916875,0.7176592911659541
30.90295432513592,-4.913326357507792,0.15166230020900914,1.548587142214591,1.7783291982053993,0.4256264879193553,0.7175400549616768
31.622776601683796,-4.984142827482376,0.1515215689389044,1.54907961820145,1.782251211895992,0.4261178352761549,0.7174207778617779
32.35936569296285,-5.051965293606901,0.15138253383018438,1.5495739967456088,1.786199748432519,0.4266084534571606,0.7173017106090253
33.11311214825911,-5.1592093820218325,0.1512447414809787,1.5500715917198475,1.7901854667802999,0.42709959714791834,0.7171825036393304
33.884415613920275,-5.238527739152677,0.15110829193505795,1.5505717657094966,1.7942034561293283,0.42759058261496485,0.7170632788098721
34.673685045253166,-5.328416486730592,0.15097354569811788,1.55107304206405,1.7982409439867777,0.4280798441072023,0.7169443847553485
35.48133892335757,-5.4137246213677495,0.15084001810613998,1.5515767669653526,1.8023097392036644,0.42856872740498997,0.7168254436446169
36.30780547701014,-5.50116355213647,0.15070754287817303,1.552083274493086,1.8064128984282666,0.42905751989273905,0.7167063428943019
37.15352290971724,-5.603398407466393,0.15057615192924856,1.552592186360094,1.8105475317401682,0.42954580538677756,0.7165871441338243
38.01893963205613,-5.715485194059052,0.1504455616453025,1.5531043613255306,1.8147208028238677,0.4300343519326324,0.7164676205596632
38.904514499428046,-5.8294019924555,0.1503158526146263,1.5536192551841694,1.8189284806611596,0.43052258176139824,0.7163478745956774
39.81071705534973,-5.961419299130438,0.15018733695185682,1.5541354795693003,1.8231585532235661,0.4310090835180275,0.7162282237089026
40.73802778041126,-6.0958462794994555,0.15005978598581957,1.554653644979259,1.8274164074279942,0.4314944183934025,0.7161084924114366
41.68693834703355,-6.232235630569212,0.14993293859075635,1.5551745092114946,1.8317089620059737,0.4319792838577963,0.7159884682491494
42.65795188015925,-6.377425523251691,0.14980651903562975,1.5556990106739503,1.836044167820543,0.4324644900745538,0.71586791399333
43.65158322401661,-6.5052171982983085,0.14968071690589807,1.5562261745036396,1.840414176870075,0.43294907129533744,0.7157470334179168
44.6683592150963,-6.631593654482935,0.14955544059969664,1.5567561887621837,1.8448207390076636,0.43343314342989475,0.7156257628082976
45.70881896148752,-6.759694263570184,0.14943085334745373,1.5572882233116645,1.8492566107297979,0.43391586884949734,0.7155042835387614
46.77351412871981,-6.875087612397712,0.14930707438609742,1.5578216015893365,1.8537158238896125,0.43439657485187366,0.7153827389452497
47.86300923226385,-7.00417097690456,0.1491837011738702,1.5583577481716417,1.8582113893979153,0.4348765541348787,0.7152607623202805
48.97788193684461,-7.125905965132783,0.149060522094702,1.5588974231223467,1.8627499035257438,0.4353564216957078,0.7151381630917045
50.118723362727245,-7.247842849743181,0.1489377428405314,1.5594395676837596,1.8673226681673758,0.43583517263176746,0.7150151645586882
51.28613839913648,-7.366835445796549,0.14881507177276024,1.5599853180044492,1.8719394710115327,0.4363137453106489,0.7148914922639803
52.480746024977286,-7.520456246841876,0.14869272357585742,1.5605335868680208,1.8765911847724197,0.43679111455250885,0.7147673792503517
53.70317963702527,-7.682449951269773,0.1485712059751471,1.561082052765559,1.8812568948020174,0.43726517072944504,0.7146433615887415
54.954087385762485,-7.850041713498691,0.14844975294445592,1.5616338512330308,1.885964886271653,0.4377386506634804,0.7145186815813852
56.23413251903491,-8.005126828064373,0.14832836950691045,1.5621888337683492,1.890714116905699,0.4382113563733347,0.7143933579229701
57.54399373371572,-8.181234839895225,0.14820691520179505,1.562747524125968,1.8955093055034231,0.43868365930605013,0.7142672578400775
58.8843655355589,-8.35639220132432,0.14808560347143535,1.5633088191506137,1.9003412148717835,0.43915455775806367,0.7141406156750056
60.25595860743581,-8.549942694167006,0.14796409372124017,1.5638741830472427,1.9052226628206255,0.4396252058829249,0.7140130873325947
61.65950018614822,-8.71229162996569,0.14784331980720355,1.5644392737018147,1.910114827182407,0.4400918968013923,0.7138856674433094
63.09573444801936,-8.88213603899705,0.14772262503282368,1.5650069020340684,1.9150433538038392,0.4405569665079419,0.713757682919377
64.56542290346556,-9.068667257342435,0.14760179436672405,1.5655779460325108,1.920016364809447,0.4410210765698062,0.713628916672981
66.06934480075958,-9.27852777824166,0.14748075126775548,1.5661526739903955,1.9250364460744693,0.4414843655658527,0.7134992951842891
67.60829753919819,-9.483680133482032,0.14735952076284806,1.5667308768760178,1.9301020236408193,0.44194658436509426,0.7133688527048896
69.18309709189363,-9.678336526813077,0.14723798935899635,1.5673130107715818,1.935217346998577,0.44240801365685223,0.7132374736879131
70.79457843841381,-9.850037070942356,0.14711686719172334,1.5678956709988707,1.9403515273188237,0.44286587638253205,0.7131059357870144
72.44359600749898,-10.03877112797478,0.14699593670878905,1.568479753808532,1.9455129033542995,0.443320861981635,0.7129740171797563
74.13102413009177,-10.233369843671461,0.14687460030392854,1.5690679847905689,1.9507265819111814,0.44377504684592434,0.7128410742640786
75.85775750291836,-10.436698753442753,0.14675313862971676,1.5696589280465243,1.9559800722742233,0.4442272422829291,0.7127074196274743
77.62471166286919,-10.678562080754311,0.1466312766414702,1.5702538464428748,1.9612848458502643,0.4446783362524426,0.7125727555235277
79.43282347242814,-10.905935410442346,0.1465088532140331,1.570853466619572,1.9666476709861354,0.445128779371713,0.7124369055014244
81.28305161640995,-11.12355756092428,0.1463865692218827,1.5714543411296567,1.9720372279821232,0.4455759021965679,0.7123006519596791
83.17637711026708,-11.351055292008747,0.14626460840454303,1.5720555286376399,1.9774444699179239,0.4460189764991542,0.7121642099777858
85.11380382023768,-11.584490499198079,0.146142342754272,1.5726599223573663,1.982896983039993,0.4464601073344656,0.7120268852518538
87.09635899560806,-11.83480350240829,0.14601941148020448,1.5732692495355376,1.9884106578143934,0.4469004591677058,0.7118882730453351
89.12509381337459,-12.055180753079808,0.14589595231838864,1.5738827798484607,1.9939791981464667,0.44733939624801516,0.7117485274356224
91.20108393559096,-12.2649596202922,0.14577226635921509,1.5744989574922588,1.9995887569980264,0.44777572216445916,0.7116079906715409
93.32543007969916,-12.506379299238786,0.14564808998622897,1.5751190586302755,2.0052509546673956,0.4482102592850443,0.7114663644495177
95.49925860214358,-12.757007175844567,0.14552453700533266,1.5757376088174464,2.010913977221693,0.44863913835785557,0.7113249240800097
97.72372209558112,-12.992859914708609,0.14540042285394908,1.5763602857216652,2.016632120816175,0.4490662657560424,0.711182320847307
100.0,-13.251229642250102,0.14527580294643155,1.5769867669747129,2.022402708326751,0.44949132317299234,0.7110386167228928
